strategy,S&P500
0.04432370166930366,0.047208559265257355
0.0729390090375297,0.045998900687172384
0.03792625804061012,0.056090808020299754
0.05697574534478789,0.023569852692305826
0.09469332067915204,0.042255852494594404
0.143315579183098,0.06904320438449774
0.09199287284755431,0.08243288449130848
0.10489240649956,0.059569774802764375
0.1157977406916495,0.07044356879129654
0.062021307663091996,0.0821338614903131
0.04898730431947529,0.059886772858281034
0.028556452027149515,0.056470767913719966
0.07946483370776614,0.05652128356757924
0.07348867026525929,0.08257214592258744
0.08338494854011103,0.06825773795926282
0.07045317794045092,0.06655471237517685
0.07390697363441379,0.058690834597142416
0.04511234346165449,0.054292142604289495
0.04297684456454287,0.03589465602676434
0.0401609166255954,0.0406973067000469
0.05370051146699306,0.024747623807937158
0.05013533762468625,0.054914815968161834
0.023222942268916524,0.038886819575636444
0.06125582628619641,0.017817300438209394
0.05712492518521639,0.03752626644532486
0.061676292603538574,0.03224946341541135
0.05461534523763256,0.03621743614501827
0.02028292743100657,0.026482905658674838
0.04398537020510962,-0.014777860900034967
0.025036393908149934,-0.005931289607942203
0.0524569645855415,-0.014301891186550675
0.03713185408220365,0.005018511100849388
0.057460290402901126,-0.001797851355070046
0.035598700164594765,0.01887093911969595
0.07236956577735065,0.007502014305230231
0.06408155751961342,0.0366086330670945
0.06856036960416323,0.030146045351710837
0.11858113470531295,0.042798306882142034
0.09114737306963705,0.09222071749404614
0.11068045703057816,0.08840259189388555
0.0832603185403511,0.09934061449177745
0.07242126054318954,0.07455151527611403
0.07330922035811205,0.06366200150052603
0.03138457582091436,0.06121738997145565
0.006654393870941577,0.040454640374690376
0.026307031546227266,0.016541234730962806
0.04542550969012371,0.02748149233205366
0.03148208081401194,0.030462546049939032
-0.029044241071203847,0.021885678993135205
-0.04332821157030775,-0.045109367997464345
-0.040396182391260416,-0.0479281293476258
-0.03159165207158232,-0.056764562781900674
-0.025737803523672276,-0.03777995309186011
-0.015034672799703941,-0.026789718509845573
-0.03629520633931471,-0.019660834565279006
-0.03794578668032178,-0.028983171098968308
-0.03053359831575042,-0.02666978084872551
-0.0244173996374909,-0.018598824443906592
0.08114576233390292,-0.0012779630879717896
0.10767507274294408,0.0791081843348469
0.03174993007406268,0.09229216376173621
0.08734498169202665,0.03918143822523246
0.053346946506893644,0.06660725181372906
0.032241587462173094,0.024184521132381898
0.06635355250802477,-0.011935615034993963
0.026406135016993515,0.002817661423024198
0.03187673166920968,-0.02744330746279744
0.06936012060279872,-0.017139533037446975
-0.02185333087399466,-0.010945218998706485
-0.012922511824450922,-0.055694884059931504
0.037592557519319225,-0.052452879422341
-0.06550348200732814,-0.010611567529305255
-0.09123573353243097,-0.07525068260885415
-0.10862067176001067,-0.06816265321487802
-0.08387249098107141,-0.08529043478543996
-0.0354766765564003,-0.08261160149911995
-0.09033163675296607,-0.026428253389247813
-0.11969949626066179,-0.10011958632034235
-0.07042615934676921,-0.09974647223322208
-0.09577613241646099,-0.07358940593383079
-0.12425094411055027,-0.09180979080242402
-0.08856155015014167,-0.11941580899331061
-0.03279168750573169,-0.08279666017164866
0.03859149937339512,-0.05758123722029895
0.06894866077785977,0.0007650828392089526
0.08112141494022351,0.03403283009740399
0.16433688350664344,-0.03968869528383778
0.17760119118083484,0.045807531708620175
0.19043244571256457,0.03811688174621297
0.2071401613950341,0.048596077175873775
0.29321118835628535,0.04310036353080382
0.2812320002824751,0.10528282625360585
0.27951992666361325,0.06721274665468213
0.19613163038952885,0.0678748407902463
0.08280288271191005,0.03634691731183182
-0.015794099021342323,-0.005405680791539913
-0.1127893420611139,-0.01349525976539867
-0.15365649586083008,-0.07446670977075254
-0.1744521729950409,-0.09067492243463526
-0.10487297396289896,-0.12049033104136764
-0.13519555590390675,-0.08847998509644517
-0.12162665715466736,-0.1160263685622116
-0.11571678269040386,-0.0788218204298956
-0.07398937167664621,-0.07362283421426563
-0.05493701933040196,-0.04012682228444697
-0.01686249045023258,-0.04297856178627002
-0.007137849584763489,-0.016308178627166603
0.025817236357857487,-0.02438659826608547
-0.0031032440357557922,-0.001741884813333816
-0.1093290626536797,0.0022608664752827856
-0.23945641343649093,-0.035168680523938844
-0.379322608028554,-0.11556694537900736
-0.29118934190972934,-0.29444928108221724
-0.38464527525663983,-0.275337732865928
-0.2283509685149293,-0.32746556189513387
-0.22166418612294148,-0.24882011238019597
-0.2806280760947142,-0.26699807383239993
-0.43564939818534154,-0.2997801279765534
-0.17566065794339925,-0.36568902863868824
-0.15303865524194937,-0.26996840836021097
0.06043957632817243,-0.2724036491764532
0.3769740855258037,-0.1934924446130516
0.13154520393954794,-0.003502530711391838
0.44577099431139855,-0.05731657215381336
0.12504525218053386,0.07668468060898426
0.02200675341843117,-0.07246446861779254
0.06629899993972721,-0.08640006615671603
0.353210097561135,-0.03273288917492767
-0.012415422487666028,0.050080904072925536
-0.0727575426687721,-0.0266846793544665
-0.24329161378459596,-0.05115625882318209
-0.24804309106022593,-0.1229527784632577
-0.3167224663281403,-0.1548913064542914
-0.14184981264046848,-0.20927046834776497
-0.09080475521028208,-0.1814757744847615
0.1370695805711779,-0.13896120320932326
0.29467464976467017,-0.0336925089722363
0.3579431698287958,0.021094194205672823
0.3730086381194826,0.04339225675102787
0.48673126810075074,0.008315823537723421
0.7320958228678116,0.05461923962008175
0.9756144424391082,0.14336199160936625
1.1665298530622752,0.26667795124146476
0.5792262855774803,0.29635797565827926
0.598494451095541,0.17830395133360843
0.4543726416111591,0.21486544682450126
0.3913544525009862,0.15855888902780446
0.32151672076888427,0.1284118650647985
0.2749377312538879,0.07260203412156674
0.2167048585628586,0.060620331552622586
0.15333822973437017,0.042202895508745675
0.07926415053465563,0.006449911942190134
0.1461521178296965,0.01808671158274122
0.16532555446761976,0.1116428761928514
0.14104404519169123,0.11624573605209765
0.10803891514539732,0.09987722646673602
0.13950116934798285,0.07201826700930059
0.16401676616727223,0.08910031388364525
0.14131240000979628,0.12955170739601862
0.23168655248554781,0.11128030418414658
0.3181418836029637,0.16657392004859184
0.17180242555949654,0.213278704016737
0.10770244010724883,0.11492119546573121
0.1371897099289039,0.05015517801722136
0.13656845291140973,0.09068771400044229
0.10774800216007852,0.08111365420100225
0.014616037762385181,0.07743681856672713
0.053498010112060346,0.010520250642210627
0.09464836404825405,0.041210295878422176
0.028271772934884698,0.0791898932347419
0.0018455067311600182,0.04945332385584367
0.05280294575184974,0.03159548238864174
0.08900624378285915,0.06280504370330142
0.036975037503507835,0.08410551704208902
0.04272974000338947,0.02750322857879084
0.052927356090789024,0.03852995717397789
0.1682438013642571,0.036638752194744884
0.10842660274898308,0.11227148826041256
0.01970611808775735,0.06647822242194379
0.00846131192884192,0.0016235830938626794
0.01216609482160047,-0.01335849239724296
-0.001770038115092465,-0.021317742967227438
0.031194841330499212,-0.021514311260378394
0.019603776265643136,0.0056553764273723495
0.04308710300399654,0.010218993989992375
0.06124219690082455,0.015736278009633065
0.02577970953446984,0.036073778986216
0.04378999493143132,0.012219605444693027
0.12858176067258387,0.03009573493012674
0.20463550302744915,0.08309791522744714
0.20190895407103593,0.1178167675159476
0.2354658747047189,0.12367847857402103
0.16648252851661804,0.132095515549987
0.08169066241156764,0.07341425700302029
0.07411242612744351,0.008832616096473123
0.0360326602973402,0.0009539781621201726
0.036083508887596594,-0.05110626938531382
0.001189541812443462,-0.053028036965739545
0.017753529176497862,-0.08371910464992605
0.010974838737484616,-0.06893063136600508
-0.023259778752501847,-0.06541240550931227
-0.1184886267869606,-0.091963888053476
-0.03330437867154834,-0.15699677339538398
0.039855901405022154,-0.08699910870606464
0.05400912340562991,-0.036783401048979925
0.13678230635414335,-0.025943911860782043
0.12614605740707785,0.01543979999691003
0.11682998262002942,0.032501980457995794
0.0724856525463411,0.01877227310887175
0.03479629957859287,-0.014938108550644147
0.11658476627651071,-0.0390369074183019
0.17803155238470914,0.027997216543595105
0.13289884217408687,0.0908022337303811
0.16455374077230478,0.041960151912082244
0.1079463287514999,0.08226786526316832
0.07183770054644434,0.043597447836389414
0.07694545582298629,0.06251841684303305
0.12601508700484998,0.05285284826205072
0.13488660684908615,0.09854702970597273
0.17740220405255203,0.10782456039435173
0.1168694325160815,0.15456652854925612
0.11202645111390974,0.089759300072358
0.06807656869292833,0.08480442419709444
0.11835313067760578,0.061747581015050734
0.1267926201681877,0.07028366742710124
0.11190500079038213,0.08611831269665027
0.12911292718599476,0.06658648359415698
0.11428548968264729,0.07273179798239338
0.12705680460401814,0.06811409594818185
0.10863044011257728,0.07864481509658483
0.11814337629422234,0.05915944958550523
0.14407001459509572,0.07358707938349252
0.19098948777488056,0.06735146499183009
0.14181973991898134,0.10976220159904293
0.15886875828952762,0.08886068821000048
0.13967699276890122,0.08641975607750929
0.10256349556453115,0.07020052729775661
0.1011406032071378,0.05469747184916707
0.07331211059387943,0.04047707699680325
0.09431639001214309,0.004876443428277533
0.11158854948268715,0.019879324623784722
0.09425037971264416,0.0417417776283433
0.06080311514011161,0.04476309841022652
0.04670993523193867,0.011159432313224915
0.04478956386368482,0.009399009853160667
0.05018937162755588,0.01852868456805945
0.04408864705925408,0.01853724478934482
0.04221097502888571,0.01624717133937925
0.053627051472217246,0.025606647000249616
-0.0021792276275318656,0.049545828341382325
-0.05253932962410335,-0.006702412563668103
-0.05438047806592605,-0.041682317701741356
-0.04394099253512851,-0.0437301547807194
-0.001033813470353695,-0.03484761638099121
-0.02089733850909581,0.0060093823472870955
-0.05204135454447123,-0.009995544382655819
-0.004915890540065915,-0.013838415105561053
-0.04168627948300219,0.009006467276854169
-0.1390425035033943,-0.027234174221985707
-0.14696712858605998,-0.09613274881042233
-0.17379894053822986,-0.08982087861909083
-0.1019373330061587,-0.11286475146728503
-0.09954650629291129,-0.06686457528475653
-0.15770446820841721,-0.07065711493487348
-0.12417828953425225,-0.13440837820907459
-0.164615663575023,-0.09583336282131583
-0.2186294915914977,-0.13336353346677376
-0.152549008674298,-0.15488609523630026
0.003965588890337379,-0.10068329929554098
0.054776216532218314,0.026017402307776827
0.22849598884089395,0.054955996282415764
0.12374330591881044,0.1475972658803626
0.11092844876074337,0.06916307236709773
0.07931289301086353,0.08031681949679137
-0.025210139211964466,0.05772166418226843
0.19008643557950933,-0.03767373891785164
0.24317066970016432,0.09970089644252322
0.1523575145377134,0.1140075688240827
0.12083460397583434,0.05081683513070434
0.1105725764414296,0.03770560845030757
0.07127059679823877,0.01876211050585641
0.08510176363155675,-0.0006226137960271272
0.09921841033095125,0.033289104759034904
0.1582140895042059,0.04837205197654515
0.2784324378198093,0.08752263130398763
0.1474613964834195,0.16377223102379235
0.14356384575161374,0.08290975191563943
0.17685274703731824,0.08905310477264128
0.13520298177039503,0.13330364650986515
0.11584041689540636,0.08639931492650388
0.09409963651409914,0.0961755686221164
0.09593092737745246,0.09858320995501946
0.07213132655339338,0.08865257285051231
0.03312630978190878,0.07182374290597227
-0.025600562261559934,0.06510868029048411
-0.022632328188991413,0.023792146547345405
-0.01495134917799501,0.0312189992634182
-0.036638153687526875,0.03368663041211728
-0.05389797915424621,0.004895850426451354
-0.1078146607085656,-0.008052659759556269
-0.10535935986139244,-0.05278351384531976
-0.13462602662145307,-0.05432046827587855
-0.09303058007807308,-0.08227715728872997
-0.06429816642561825,-0.05475474604040953
-0.0430290206884415,-0.04041763494188799
-0.012414534772325347,-0.021791280799698387
-0.03179337345618316,-0.008298587694034687
-0.006566689007543314,-0.029901868982295965
0.022650046745876784,-0.003989823352261612
0.09989510542486046,0.011556331064265901
0.0670191566609959,0.07444539680456486
0.12675312749713008,0.06034866196385069
0.09231366331756141,0.10463316585208848
0.07993821081273711,0.0737542927409951
0.06850826109137986,0.06040838890533906
0.04906108961183042,0.05769555518965852
0.07025514098494412,0.0604701748348031
0.08875515453509863,0.08672187026888545
0.04900409285718643,0.07454851066569912
0.057480420398677845,0.06058845149544223
0.050180139949094205,0.05941837796135019
0.021164911175127088,0.030877680581455902
0.009353210913158216,0.02354046181554037
0.013003271086144075,-0.0005308102638874601
0.01654017103902361,0.005693446400573121
-0.01773310620342916,-0.016028303847524183
-0.0030725117705846516,-0.05010781052048108
0.011385210678798385,-0.034877809096670154
0.05171081329961735,-0.020299511389472613
0.036872894080906216,-0.010835817021783267
0.07131963413963516,-0.02764493230939813
0.05182641066641058,-0.0007001532205662686
0.1160293947155604,-0.016506099376467298
0.1191305552015205,0.04285884479430346
0.14728540168054782,0.04629149337814997
0.20542494125842636,0.0812248565739877
0.17807313723368012,0.10959604011879853
0.16282089033682112,0.07755693504037464
0.17819057497745794,0.07545954098413188
0.16670638567439,0.07568874357797006
0.15102138584840064,0.07647641310534503
0.2039413665802874,0.07282613220844625
0.13335204783561228,0.11004740814727088
0.1310408859898302,0.06463123642547486
0.11420422216682602,0.0627056947674689
0.0629524413486644,0.06092368735900666
0.07623165296515388,0.03727211113730866
0.026195649660053277,0.05465621122252706
0.04486486533648004,0.02879796768054499
0.07141051737978121,0.04492667108312465
0.08877470898617945,0.06713860324269771
0.08728861316674452,0.07906611307225453
0.08083503666824332,0.07876044264304527
0.06300156134963619,0.06555347396971611
0.06762033247009147,0.050449682686924735
0.06508263230061884,0.05189249877013569
0.014576511781830392,0.051688646547142225
0.07408216616529395,0.0017008481352036586
0.04182139549306729,0.03723175076896812
0.08002360250165519,0.03565875209198466
0.06754789081665269,0.043541748865843166
0.030869822960947646,0.04072672339992267
0.055225302467042825,0.018358681525963982
0.07513856748587622,0.039589765039863556
0.042904711820524355,0.041332744692132106
0.07792172919222251,0.011574231389923195
0.08734858962535452,0.02648368489441566
0.09797680468608405,0.03423597939921863
0.09634705427389068,0.0350330554879541
0.0543067413098095,0.038706655654513256
0.03606417855796562,0.019163331960852625
0.04504167579004004,0.0033301811253687585
0.041801969537476946,0.0035669357113203848
0.06468578991783525,0.0008184637971879738
0.09390681973986603,0.03502537467894906
0.07446610401267484,0.06619869095290709
0.08985847222740384,0.06271108673974868
0.08145960094638216,0.08862903871155559
0.07225467736484092,0.08966300516447956
0.05752017073732074,0.07300117095716896
0.06199141699238009,0.06538333133777985
0.05516186517031896,0.07122141846617236
0.06872192170260116,0.05459211306346834
0.054870792206204166,0.06636914567546226
0.0529170510941841,0.059969533707600275
0.06462166879715836,0.045086122436317044
0.05469796050412912,0.05067681453469186
0.0025265654712662844,0.04144057976541893
0.007010685066505706,-0.0010483779095007417
0.020700737359248045,-0.00919517897098765
0.04597469195084791,-0.001903241970623304
0.056817037439390816,0.02254365525651192
0.04443298873938639,0.03805702817283896
0.0429225853269648,0.031622193552038436
0.03411712887650431,0.02398705284829239
0.039166054127052874,0.009677724183833503
0.03699786467281663,0.011186758866768454
0.06137686267275444,0.014532386125859276
0.02182365735597447,0.04657944047713558
0.039644569516637196,0.02318473502572571
0.02584476925658974,0.04192241556953702
0.03697237807223952,0.016802925873269814
0.017437174594780114,0.02719023294837375
0.017762577086590348,0.013417902698172002
0.035451557489228014,0.003293080031663509
0.03736744053551111,0.03536334763651583
0.07881465266025711,0.039368403360021675
0.07343853767596054,0.05331815784371208
0.12106863951416935,0.04147015631327511
0.10831162702056929,0.07949970231661374
0.11634732189921149,0.0556271778087325
0.10288159002255792,0.06903128383046142
0.10906675202808058,0.05047409498687094
0.09649851596331294,0.05691280026802481
0.05945476471165967,0.05646079420382
0.049408959724948964,0.016140738863706927
0.04170189815823977,0.007712059305522656
0.08447040373033232,0.006540058275737559
0.08175944355352338,0.030982001028160067
0.07119988637229913,0.02925314051033534
0.03113770287511075,0.027014500335971192
0.03944937356051126,0.004692480348606587
0.015179591062189912,0.020802385151575953
0.0041100607973263426,0.005639640677792546
-0.04449331571427473,-0.0014231361054536373
-0.037688404613814064,-0.005555182208255571
0.0014991378796958,-0.020125070942630607
-0.007398345761560621,0.00831917559751627
-0.013730045592690088,0.017132330239126414
-0.010477456373246485,0.017838899774384576
0.03673454098508233,0.020310727869418344
0.04172793281270981,0.042766234569874495
0.075936810957425,0.03721208204620652
0.0368656400867311,0.05103617137343308
0.196865696523852,0.022236598204351532
0.20343477574886548,0.08386682618297381
0.1299343748282471,0.1120625140019409
0.10895664921968007,0.05158993689977254
0.0740487928799074,0.01843370640387665
0.09397811444396686,-0.0029369563022743073
0.044883481160888694,0.009113394154002474
0.07373427584275571,-0.02965519862612298
0.05051474534335565,-0.002487918074674522
0.1242651070565639,0.014124110356698028
0.04271930078352937,0.05732446892788423
0.0076339960344717905,0.02567627043317522
0.005914087496708298,-0.0045095434987748595
0.031875230302164104,0.001947205177574407
0.04012000829021889,0.030159121067867556
0.006728765156201799,0.02493878776658165
0.04668713596532448,0.011667469260448371
0.004715100880208878,0.05779674950791103
0.029982169350454058,0.016192080477426263
0.008816742550016743,0.013417798232824518
0.02398855159259372,0.0019910788294335013
0.0449069044027699,0.009041508916434404
0.05298609843357838,0.028376900030723684
0.01044831848093919,0.03940471700756509
0.03533167636301893,0.007948795368521111
0.027211432716491624,0.01958785415203579
0.019658319700870175,0.01729309973163695
0.007786335796973187,0.003665811761810245
-0.012220883540783767,0.013900723859123332
-0.02307022050559726,-0.015741148485716838
-0.031868266278275215,-0.010586494880594377
-0.07338932708833101,0.008947750411280486
-0.05544628061734569,-0.01613723100765374
-0.06188905805637546,-0.006883259579920087
-0.04233504668991439,-0.010317918703526718
-0.09551277559829119,0.0031874804449718575
-0.0874617811245414,-0.053415037662154274
-0.11969853074628367,-0.0500954894255079
-0.09581874695436232,-0.08211843611191738
-0.07537788756684116,-0.050986378513250386
-0.10007417476601843,-0.057981300833180094
-0.04343417758281998,-0.08766660678569149
-0.03226119046200204,-0.057626320150825916
0.00431829550499474,-0.038590648696663954
-0.00043138834826261796,-0.01742353862288548
0.07908446126480495,-0.00396883612448895
0.06994349918140541,0.05651815847691655
0.10057526081561163,0.0594737985698186
0.12039202091544654,0.05713186476959842
0.11262515842493381,0.06942203925692003
0.1297236374316244,0.07776612479845846
0.051606093456487034,0.08695870807024875
0.005223021103283987,0.035282137897328036
0.04220174087023287,-0.006506774898836554
0.01868715107472707,0.017878216071856468
-0.07182346418980712,-0.011694381827381806
-0.13454015841770428,-0.07150398808704994
-0.10102340209102711,-0.10051547171684061
-0.11222087247113999,-0.0537481519418721
-0.15195739452614332,-0.06897431316818536
-0.15771954750749584,-0.0977829411159622
-0.07077915022109638,-0.10437586845390734
-0.033829913995335414,-0.04327959557338601
-0.05499634231578632,-0.018842662010839395
-0.02818625908504857,-0.02552524165223713
0.08189771498812326,-0.005444714238618142
0.14485528548359916,0.06492290864925154
0.13598398159194502,0.08709687775812358
0.0955797976888988,0.09168213234807787
0.18806061320448286,0.0610918191702281
0.22232128162978548,0.11120866712329414
0.1590910129854417,0.12547713555674944
0.11546666394548888,0.08017812492683651
0.05966778991631139,0.05992651355618239
0.055598944073121714,0.026872617016637346
0.04993912477034179,0.018691296715553918
0.05353290987961312,0.033977872174741686
0.024588109295889504,0.03525005353925881
0.024175744650297704,0.015223019382192948
-0.03887834298776227,0.00987792954212563
-0.03662784148206988,-0.01676310465999431
-0.02896544281772717,0.009770113510090717
0.010178470404689888,0.035990271050578615
0.038158850941571565,0.054600478321443324
0.013486093884208517,0.06646683802354358
-0.008390970644786,0.06209118365167243
-0.01767584102831965,0.04316287900144644
0.007977904050962215,0.04430319580851494
0.03268123422489966,0.04572995985781647
0.060403104202151336,0.05762113952053638
0.02381826680381738,0.07444377084178044
0.03057303695742286,0.016006327085178018
0.02478778405868587,0.003385664728364546
0.024518433876662193,0.005796204982471798
0.0033440511281390695,0.0007026336465869587
0.014754788363212423,-0.004576925311471247
0.027396097514001072,-0.018257736862172802
0.02417333500039831,-0.015559314503913235
0.0024418471032685574,-0.022542246323591808
0.03098059747386417,-0.03537415044298531
0.08034549359751497,-0.003923403987224128
0.08348988797715196,0.029649884266531146
0.037537811063166115,0.04344074240496498
0.09005005135839084,0.017084121970981414
0.11700638977019961,0.04720268225320057
0.11599615775627203,0.04650275524362679
0.1009314908482497,0.06531687315297652
0.11905912699439791,0.05078733723682194
0.13448728633997287,0.07532315454373606
0.10084634974287088,0.09512450664432337
0.08150024815985879,0.053860106848836464
0.07619526279987632,0.054093707849700357
0.11741575950837135,0.041403730268083416
0.0604356277921867,0.06006266786758463
0.05677797383590155,0.04399672469350513
0.056745682972906275,0.05819145150198923
0.04592624519642308,0.05631138599271046
0.03365969765089427,0.06334733013548721
0.0069355274096896125,0.04321998750477629
0.02216709709070641,0.03447442449867921
0.015610780309614158,0.04421623633873084
-0.005869128442419269,0.0316780381137407
-0.0015819410403615786,0.018232926830866303
-0.0015676801465287493,0.017712162304628132
0.006423065964682673,0.0171242889124128
-0.005290437265172643,0.016908039091792393
0.013711893952405463,0.006709733334856027
0.019661499644693547,0.006969834930949714
0.04148559950241171,0.0241804333855542
0.050300583112414365,0.0440860785457895
0.04121532196355049,0.0325359259542084
0.07477138885635504,0.03163262359284058
0.07951355422721829,0.050774772415688174
0.09372807121864546,0.03576111380649438
0.12218540489927987,0.021886107450459713
0.12544114835572584,0.02944317405741237
0.11653765819407469,0.03809469742069749
0.09786635275530009,0.04114049367942685
0.07230106448448326,0.028573779007146305
0.03697031298067888,0.004670702501474722
0.05858943906306746,0.0019868184503528674
0.049994145432405324,0.012827916577313525
0.024886470667219163,0.01937254422926249
0.023228150429657868,0.019768495246623496
-0.004703765331097731,0.02924297643463536
0.0076783622582543565,0.02084161888590419
0.036842227070846834,0.022670141322203907
0.04233991944371529,0.0353259674683597
0.10018357067919936,0.03558964949401
0.11202731992602599,0.05843845204824172
0.09493549236803411,0.06707149150106662
0.07932869609308857,0.06204058286983183
0.09124492433748177,0.04652512646518203
0.07914353775875638,0.050935399452459285
0.10660083061801706,0.0500104215023347
0.08727294994531998,0.060214612994626826
0.0724266643363789,0.05684035597441772
0.08166373160414198,0.04772575758530606
0.05111622219031986,0.05462787642119249
0.10456285118445918,0.04322672920132309
0.07699871421636129,0.06638310583827778
0.09231362715995295,0.08083020501286353
0.1024917974090751,0.09203467827200051
0.04247598013629572,0.11705863189474996
-0.04046500511595974,0.06336624134678859
0.016477949131241676,-0.006138110955650866
0.0072034111049148475,0.03388181244474109
-0.018496356128774094,0.03603656851411596
0.023508224393972377,0.005868901110303026
-0.018636648119168653,0.04500491549397578
-0.0502112239288236,0.0028524756867789325
-0.041069037176064915,-0.06777674416399637
-0.07900834410935165,-0.05779381318757193
0.0046465268769737555,-0.09009605607327043
0.053565471326685765,-0.0335381943135421
-0.0014187364305886518,0.023624392120225934
0.0016235011764054175,-0.02007391416316162
0.03525688698235285,-0.02775475579940867
-0.01957780156422828,0.018071842042293174
-0.0061706938710013315,-0.023140656266646964
0.06063909694261116,-0.0035008264443997517
0.05420057026328906,0.060259980280496395
0.09348554184261659,0.05715370081728577
0.04090758513117709,0.06703385542881612
0.02233859253596382,0.04082110037494657
0.04401070458415379,0.022085270683228853
0.055659652657372494,0.03787803950149504
0.19462860750337474,0.05573053597753841
0.21512822261488984,0.029634631430828895
0.201694074504166,0.04184433550053024
0.19654865305521074,0.046751639153920665
0.19748899553063182,0.03958856574211023
0.22255780739794484,0.029296917915224707
0.23219028090053873,0.04211379395619308
0.25055825249001806,0.056671545298193404
0.2546320283930794,0.060159213349436635
0.2619842665006844,0.056132370493130246
0.0798898514215467,0.04435097175107772
0.07196430311486068,0.04417967481608587
0.021263243258056175,0.027371629764206373
0.00030708908393406453,-0.022570134235937567
-0.0679555489163528,-0.019986834982522295
-0.05217538093288121,-0.06500037990759189
-0.016846545729135687,-0.05004706586877872
-0.03787702218164324,-0.0388983339080875
-0.10612890613792514,-0.04391803993285859
-0.06899772236345414,-0.09089087851557764
-0.09507871709258708,-0.05168743656585495
-0.11705652890763629,-0.09338884285855209
-0.13687178302171565,-0.09502490230287441
-0.09019635056067532,-0.1277405514360389
-0.03548547191646678,-0.09793039315412522
-0.03652252558579716,-0.04321473994329583
-0.06560737762519486,-0.04192055680251461
-0.008852104006400019,-0.03508065266364924
0.0697645251143515,-0.023373163410342568
0.013578465558970576,0.03185972270343718
0.10463271672573016,-0.013062206829324907
0.15323133540119294,0.058503209145272406
0.22434045886045362,0.07793635836317225
0.15295030292452338,0.17182202900302368
0.20152941966179894,0.10781044203182222
0.12991049670130406,0.11458499044693693
0.15652527310297093,0.08301828189569838
0.16623854982277142,0.06479128777827481
0.14054705743290508,0.0905298373916501
0.106388769977384,0.0791603314802618
0.09350453067724374,0.07700470437847717
0.06918214239532183,0.06248852993796605
0.051190350042898736,0.05798255757115656
0.03610811469764785,0.03191289473101433
-0.028716545821456996,0.046050437545421374
-0.055173317883312034,0.009653276487120666
-0.029979673046043986,-0.01425265790284902
-0.05408373387201104,0.018301823706310838
-0.01341643573890261,0.0023912413112205932
0.013440030145491555,0.013234048296436152
0.004109040796884678,0.015188812672205954
0.01483424460885674,0.022158652753173858
0.03163298115092639,0.027487561271911654
0.09381825486969442,0.03649896475851744
0.0903111116230968,0.06170902259568889
0.1134820163401562,0.03982971657765555
0.02068815103354349,0.06454861309174031
-0.026725979321268523,0.009055693243632534
-0.03539449257717764,-0.010456238473584012
-0.02009902895945448,-0.0004339482085231605
-0.03510492278430066,0.01723564012116907
-0.021211669697073554,0.008811744052101167
-0.023136778386663504,-0.007882669475094972
-0.04501647093569838,-0.0013656741799543681
-0.009707295909943792,-0.020862314972397544
0.00985484064299258,0.017183716219711043
0.06319931912120946,0.026493664558475016
0.11927821280663187,0.04896238333202585
0.07353146355625717,0.07970380357659756
0.07284625552905633,0.06126386778822823
0.052459408258586526,0.05093024407977631
0.04809201495699722,0.037550688794316
0.05626030092506684,0.058607392879961306
0.08398151287315492,0.06591078874376066
0.08606501378981224,0.07803628806817797
0.08576569641785659,0.08252350043533263
0.06389059883890913,0.08885918164167195
0.04555343125216571,0.07425432624686379
0.07911976834275958,0.06915609157643732
0.03297172180824215,0.07976334039891264
-0.003364422339241835,0.05964420429010131
0.005142905702767653,0.03972132662632921
0.01582252382441185,0.06211501686337306
-0.005424165478678522,0.07745965349958839
-0.13584429381598628,0.056093300096776044
-0.21081584346721227,-0.07175330623620102
-0.4007403775880066,-0.07867200676193253
-0.5375454899124587,-0.16466603064207785
-0.4386595963406783,-0.29753472210118403
-0.4082209131202702,-0.2320825946843832
-0.16253256339512479,-0.24065632865492081
-0.12467237048311042,-0.1302151778371735
-0.15379034978019746,-0.1320725223805218
-0.11744848518622908,-0.15688989061725045
0.03369143559157828,-0.14701655664386137
0.04769449930019887,-0.007089743565176443
0.5576606821355865,-0.03192535561118326
1.0921164045953562,0.10343552592969751
0.8805529526229174,0.33789122776572444
0.809546675284585,0.2601217943440064
0.3361407012908584,0.2257139954484444
0.1629659977779072,0.10941814941363859
0.23217577517851828,0.051389683703673805
0.17697756081115923,0.10825880051218162
0.17385147002263213,0.12800141157957845
0.2686161912612426,0.10496423402485111
0.1210628199262076,0.12579304560940674
0.12996489168966097,0.11006270933169571
0.018785595665341326,0.10424009418504232
0.0195639785725914,0.059442257699448
0.06605372642287755,0.1208508224419047
0.11859821893206735,0.14088469043966478
0.03408073583702187,0.14171004176126556
0.0770197417747005,0.06991647299266646
0.04403750530272732,0.04112204176990897
0.06681351195812213,0.02587914047292239
0.11555441699248692,0.04455362373270577
0.06529766432263151,0.06651526898648474
0.08663360594186642,0.04217397322134686
0.04573247077569875,0.030649666440810464
0.06986059751588947,-0.034266741065886785
0.212472327077893,0.0028001596750986124
0.2613903463179532,0.0495178404438974
0.22642118344722073,0.06792914468833988
0.24208833900232696,0.10426700795826127
0.20753202033115037,0.12508789178001956
0.17000848940046454,0.09723206311159971
0.16614569438373117,0.06437912324366168
0.15577757716715368,0.06704180913198043
0.2556798830672047,0.08587466418538892
0.18548887461830987,0.1725520888521197
0.08311336422271931,0.07751180445567307
0.04750542743301711,0.07375611323901632
0.13844604247091707,0.045921725918509404
0.13744951180689902,0.07064828672762857
0.15673176733488048,0.0661448435287193
0.12012381130400196,0.06932164447818945
0.12070025403287277,0.034674941815913796
0.1476836942150308,0.039647798603571704
0.10391218901795085,0.05397456885482166
0.11848238202783201,0.02156001773990268
0.11936523489259154,0.05743110002624641
0.16970332729555748,0.04973375584443862
0.08273542583432247,0.11556662835478138
0.06464487773723282,0.07974163934437328
0.05663018415965437,0.06485552025673647
0.10279957450048993,0.07342195865909051
0.08550129900712666,0.1134256057212295
0.039102598576191694,0.08944647562151764
0.059658321222108235,0.05643572436531952
0.05650261917684318,0.08199611026891862
0.052006411448258794,0.06722556911448274
-0.015850701851514826,0.059159983452642395
0.021317400674642828,0.008335776383271654
0.040022530611205864,0.02575288916174734
0.01625753977470068,0.044149762137644544
-0.07788778496298254,0.04707602469681582
-0.039574544101140585,0.025185004456269144
-0.038734686767147974,0.059530667028097284
-0.05294748547315953,0.060261028781800396
-0.061624491359776434,0.056893286581914726
-0.08788535279808218,0.058634240865765186
0.04450631243377323,0.04831485342220687
0.002110382245598341,0.08869904181784838
-0.01798397456010714,0.062047370304682437
-5.7133637796913384e-05,0.027022101517264474
0.08022216272982896,0.013501126333960611
0.05582872066970923,0.03243908295228737
0.035474954475165354,-0.009794197702391427
0.04922973227722838,0.0017163038617618032
0.059295210169546086,0.010866809145274825
0.07698765225457582,0.01940180919855017
0.02900576822427503,0.03915857379337773
0.03100088147969937,0.04393335431966339
0.013140934660955006,0.034622992176335465
-0.00606416390920983,0.05601672508147337
-0.01744113236829703,0.04313629918632067
0.018940753443680958,0.021423121514017485
0.051091859459615696,0.08405509240018771
0.07908014528624951,0.05026747713513835
0.0871949649970245,0.05917275097195018
0.08871171843273129,0.05188174987804106
0.03762141813398423,0.018459334474872913
-0.019705535379447636,-0.004647094059170742
-0.006662558844379496,-0.05939013580775765
0.04134430524978949,-0.054143385453801485
0.04656597224398018,-0.018941537081709536
0.0007307011166903798,-0.025170031692280492
0.009192525222037506,-0.07431807376415456
-0.06424596667154325,-0.04475644367004261
-0.11110432153227312,-0.08166172713884712
-0.03531220910313482,-0.11556760077674877
0.02879264206187937,-0.04627859078650953
0.07560554445046441,-0.022860421420494714
0.07360515341299667,0.037323709693597884
0.060677015874696316,0.015862446118871443
0.03654444303175586,-0.02128360154099762
-0.0008300166873348447,-0.029733468975222888
-0.023718319236986862,-0.04824637930143039
-0.01151693992985725,-0.057411990132058
-0.002850163488314794,-0.06757058102139146
0.014627532046619818,-0.06958262546419014
-0.051492727874814515,-0.06292152853778299
-0.09123632383468994,-0.09311000960832694
-0.14978039021802447,-0.13936247273463676
-0.1472379686696389,-0.1825636572927346
-0.12352215692407431,-0.10513024492273215
-0.035375515395607904,-0.10128902653765959
-0.04382798941542465,-0.05255109748737585
-0.002080394177541245,-0.05967412289064733
0.046033791599516594,-0.012255773830066707
-0.048167809298801045,0.06195530652733683
0.026570667198497988,-9.707851150619895e-06
0.05348883565977203,0.04483104157498574
0.09737115319984091,0.08764377967822856
0.03326532282648853,0.11261378078809292
0.08590547093653056,0.005537448718484939
0.002609062078462898,0.06652004040981963
-0.04382097067747692,-0.008001738304962425
-0.09141088681668963,-0.04068377687486269
-0.1271162764302347,-0.0922390561321087
-0.14999705753696646,-0.11580284616609493
-0.1449458894124449,-0.1314990908314979
-0.06060118530239722,-0.12004788688914103
-0.06026908036730483,-0.07467187096837014
0.08465971792471616,-0.06763723605677663
0.05451149610266759,0.020158545463952793
0.10778086448675861,-0.02199514583349138
0.20201835705284843,0.047781632785298456
0.1925986351832163,0.10588418019041579
0.20296662518305708,0.10106956956490931
0.2163349797379761,0.05645097523275111
0.1442532465437032,0.0756042594462849
0.08477947907897776,0.026439593052211663
0.16056592301550543,0.002164593624285116
0.02101883717780062,0.06371700065218033
0.020541384216641312,-0.0020379332443846154
0.030621909409210613,0.02907060923364302
0.03463232342453515,0.029611299235815958
0.08992874282039165,0.007381903184885186
0.08238581030832393,0.040302279701831756
0.12940292717971702,0.038954886046743686
0.06408590592525454,0.055574446136929856
-0.05839224847773117,0.009099698624561281
-0.06991347703494766,0.004921604834620785
0.0067233714147119095,-0.0031107852885522425
-0.00011618599037355182,0.03807334960415365
0.004241110044008289,0.012501798941367381
-0.013554089224489863,0.004084263488109752
-0.021263618358082104,0.014050287316528909
-0.02298267310307256,0.025186350383980205
-0.0799497380744213,0.04496916266727147
0.002823329769731764,0.022194643974128514
0.0757755191114553,0.0889008537132221
0.07799589161796172,0.08111234450629357
0.02312585815879631,0.0812889049868899
0.060118068728798324,0.05009888273739049
-0.0003695049540041184,0.07397532528285833
0.041098653833090415,0.05420937280270266
0.025569660630443414,0.07939489628967533
0.08503482988209599,0.05830068863799931
0.15303857763150774,0.09286511718417922
0.14394949200872253,0.10269841831204785
0.16704418298409895,0.09554555627195471
0.14200043784542427,0.06773424557642072
0.10804629329572557,0.045301401397143115
0.056544472003477564,0.01912412304307587
0.11001227840205119,0.004879406862257962
0.06368779081004283,0.04150415824160958
0.07954769985070964,0.005053172532751837
-0.00571596175055844,0.010990847756506827
-0.028244301770308344,-0.0385991887453625
-0.06654697339392401,-0.05128957616906982
-0.05592289972935538,-0.05660696357578765
-0.05864216797322863,-0.030858696700581945
-0.0539094931355113,-0.051552342782355765
0.015499950076813152,-0.05583366280102531
-0.01329131781672599,-0.008515596151335458
0.0287457931082018,-0.02000448034478075
0.04537447542479245,0.015398035345066452
0.1321366160338755,0.03052980449591547
0.11704881571183767,0.06663265752477132
0.1829089027801276,0.0765415904527027
0.19449941348480881,0.09263385273715907
0.20405963608058397,0.10213317854949944
0.2130953425716846,0.13306857380438464
0.14581936722162303,0.1439980956557334
0.13393935762610387,0.10104336680704029
0.09239070309527175,0.09935314513918492
0.07872135410945624,0.08561898188676476
0.041271342747606354,0.09016986442627761
0.05537656827581294,0.09612736680995537
0.035810392176414574,0.0898202363803855
0.043822875217504276,0.08646158453278474
0.05867007797267343,0.08276144325239487
0.05820356408483196,0.07660256203034987
0.07009005401221025,0.08956664491600508
0.1145310869783549,0.09681427021488465
0.09106995285627106,0.0876088731273823
0.03146101811251145,0.06694727347648066
0.017527321602093027,0.036587915494398215
0.08516235804989081,-0.00898159497840978
0.07085151893263442,0.020678524279060584
0.06512427157885736,0.009901804404955028
0.06905290058496782,0.01873514290993583
0.07392111761281095,0.03786248502507816
0.060569882500900896,0.04169035145415889
0.03732477989753091,0.0118187043759721
0.048010747545217836,0.02091529344998766
0.11923597825279986,0.04696869081564681
0.11364793853071187,0.06589038444486905
0.037086536281898175,0.10262490808815983
0.0845079854790598,0.09477303912855484
0.052774217880391605,0.09878259206556539
0.009019290334641106,0.05744769691908824
-0.01720358421794055,0.031629893346014404
-0.016740544095859566,0.00978241795770396
0.024944700836803113,0.013917249071266236
0.055886744667321464,0.041362660309826715
0.030202685397903162,0.03899075092295523
-0.012384936945796232,0.038545365779277585
0.07176698365777212,-0.007092620893927926
0.04128105351934641,0.013287953257218321
0.07998706891642682,0.01475018106369741
0.11140480337689773,0.04414072933778135
0.15522936381167196,0.055648933846810245
0.14837011339351514,0.0909321076344154
0.0846665281633936,0.10017634531410469
0.034333609080252625,0.047818215096635974
0.09080178759230928,0.018966475634597746
0.12249673729209332,0.06447784018549974
0.09431303455314666,0.08732423767126507
0.10279945958853887,0.06285753381244619
0.09018296345779953,0.06361329322365017
0.060622431306549096,0.0635904461854031
0.013508317358386313,0.05450449512666511
0.01606351826274688,0.019962774944276562
0.03279185135769569,0.0212502524098499
0.040197811478491774,0.0257363489367457
0.0317423113524824,0.01997017583981897
0.08117259515024733,0.0023424936808029706
0.01377682731617802,0.04142768364476335
-0.0018071193229420857,0.013997296836275819
-0.012975414641351879,0.00040171669960886724
-0.007477764017387534,0.0064857140520737655
0.022824300915693208,-0.0037252074426824544
-0.015833561403604146,0.00850834938799605
-0.012542638385319882,-0.032083461248276546
0.0065010663165461224,-0.04922712030922716
-0.03940722017291498,-0.02844170024265147
-0.199542987675983,-0.06735245066318629
-0.14414180403024324,-0.16640624124743475
-0.14145154664035353,-0.11012230392736877
-0.0853334219778793,-0.12113872697665795
-0.042806321897946864,-0.09415060595196856
-0.031160420234245034,-0.052463817238504906
0.053737846775956166,-0.04736331193344612
0.04169531610860533,0.034844067575018345
0.044648873987208404,0.032056954445751185
0.0952525038607841,0.048198739542575586
0.2702185645547053,0.07824934202727296
0.2012310541086073,0.18152311843025792
0.20748930679525657,0.11300894469440492
0.1707649231332442,0.1715732655701594
0.12472331151316496,0.13901774293601732
0.13838675945891654,0.1035776385148044
0.13012876913398186,0.11534757323696265
0.1036672563206067,0.07536762203981628
0.09961071983414183,0.0767523235715577
0.09852719076020078,0.08427984894295903
0.10312577406336532,0.07711413514770027
0.08617772743220664,0.08411666084649516
0.07035201761295351,0.0886398890044513
0.037093727962153045,0.052576744886285276
0.06176543121129319,0.05128394923438884
0.05891877344217389,0.06426995219737974
0.04211034177882733,0.057482664163148955
0.038835073691730004,0.05331255613885855
0.07073088034786634,0.053256222288114996
0.05442298769269027,0.0455946007980097
0.04254544733638865,0.05546377833238414
0.03491779076912249,0.05987972718372414
0.008065086693283874,0.0430666831176616
-0.037859017231787306,0.04102475390834659
0.01378875519496403,0.00524361843378518
0.009211118356163617,0.032521652243275856
-0.008499283372688127,0.036067126772466374
0.02867519050332845,0.018753451119309483
-0.0041767643168566515,0.04221928195919267
-0.02575354459015078,0.04208334349618292
0.023585576623898596,0.011721940996303859
0.06893892369371657,0.020615391067407618
0.0889507590142693,0.033882017917778784
0.12302789212092469,0.028777687551654108
0.0036348502511276415,0.05308503816217969
-0.021694243235484856,0.013565737071475015
-0.008122132074242727,-0.002808140088135236
-0.005983853423212948,0.014238413428272922
-0.029765306750226594,0.010912588001032786
-0.022724238184672174,-0.025973835991536354
-0.0672871817636379,-0.030563386287676297
-0.08422743071315686,-0.0655552920986775
-0.03781778096258226,-0.08073076240037325
-0.042833032499330015,-0.04586111656721947
0.07959503240400045,-0.015397088965341421
0.13369809234100782,0.03107272936735095
0.08534820961703704,0.05007670990370228
0.09689337429400813,0.048138471708961905
0.10579234871763643,0.07820005783034167
0.16064904210639241,0.1023360066701442
0.19228107083953572,0.12892594548250025
0.19625434797279695,0.16956676414496985
