border,n,median,mean,win_rate,sortino
0,-10.0,-60.27544706125766,-56.73935255266405,1.9361084220716358,-0.9062413752300407
0,-9.9,-59.8695483330097,-56.35741153873377,2.032913843175218,-0.9053766562218274
0,-9.8,-59.45425131912887,-55.971615295971766,2.032913843175218,-0.9044953286214023
0,-9.7,-59.033966170611585,-55.581928465210545,2.032913843175218,-0.9035969778427121
0,-9.6,-58.593835198284964,-55.18831542525048,2.032913843175218,-0.9026811630509293
0,-9.5,-58.14719914381995,-54.79074029121356,2.032913843175218,-0.9017474248959426
0,-9.4,-57.69726719879395,-54.389166912889195,2.032913843175218,-0.9007952844420276
0,-9.3,-57.244023384498966,-53.983558873071956,2.032913843175218,-0.8998242420215327
0,-9.2,-56.787451675303615,-53.57387948589132,2.032913843175218,-0.8988337760064112
0,-9.1,-56.327535998583514,-53.160091795133404,2.032913843175218,-0.8978233414908476
0,-9.0,-55.845242234566285,-52.742158572554494,2.032913843175218,-0.896792368877589
0,-8.9,-55.40385009388563,-52.32004231618662,2.032913843175218,-0.8957402623598874
0,-8.8,-54.95873577242412,-51.89370524863498,2.032913843175218,-0.8946663982901727
0,-8.7,-54.50987469835433,-51.46310931536717,2.032913843175218,-0.8935701234257079
0,-8.6,-54.0183203073809,-51.02821618299435,2.032913843175218,-0.8924507530405128
0,-8.5,-53.50975366408929,-50.58898723754408,2.032913843175218,-0.8913075688917712
0,-8.4,-53.080302774043844,-50.145383582725145,2.032913843175218,-0.8901398170277407
0,-8.3,-52.65159055953552,-49.69736603818402,2.032913843175218,-0.8889467054228533
0,-8.2,-52.13492829727615,-49.244895137753076,2.032913843175218,-0.8877274014242079
0,-8.1,-51.646743399205185,-48.78793112769062,2.1297192642787994,-0.8864810561568843
0,-8.0,-51.14920264188789,-48.32643396491257,2.1297192642787994,-0.8852067964134919
0,-7.9,-50.638262504989775,-47.860363315215785,2.1297192642787994,-0.8839036574974586
0,-7.8,-50.12653394735291,-47.38967855149316,2.1297192642787994,-0.8825706214189446
0,-7.7,-49.60880646114435,-46.91433875194025,2.1297192642787994,-0.881206613839604
0,-7.6,-49.09277548466135,-46.434302698253575,2.1297192642787994,-0.8798104999949726
0,-7.5,-48.563155440251826,-45.94952887382052,2.1297192642787994,-0.8783810802627154
0,-7.4,-48.09074727630702,-45.459975461900754,2.1297192642787994,-0.8769170853408883
0,-7.3,-47.554826951901305,-44.96560034379928,2.1297192642787994,-0.8754171709962032
0,-7.2,-47.04933955048166,-44.46636109703096,2.1297192642787994,-0.8738799123375719
0,-7.1,-46.53085605505607,-43.96221499347649,2.2265246853823815,-0.8723038501828939
0,-7.0,-46.028386253622436,-43.45311899752999,2.2265246853823815,-0.8706874645385851
0,-6.9,-45.491065704974474,-42.939029764237944,2.2265246853823815,-0.8690290608892879
0,-6.8,-44.919538279343854,-42.4199036374296,2.2265246853823815,-0.8673268354846919
0,-6.7,-44.2976934006638,-41.89569664783885,2.2265246853823815,-0.8655788672029021
0,-6.6,-43.72224566955517,-41.36636451121731,2.2265246853823815,-0.8637831077766575
0,-6.5,-43.20124796271869,-40.831862626439104,2.2265246853823815,-0.8619373710436236
0,-6.4,-42.64907293787148,-40.29214607359655,2.2265246853823815,-0.8600393211069135
0,-6.3,-42.10710760457375,-39.74716961208756,2.3233301064859635,-0.8580864753274906
0,-6.2,-41.56738018226039,-39.196887678694154,2.3233301064859635,-0.8560762971159661
0,-6.1,-41.02734005822845,-38.641254385652196,2.516940948693127,-0.8540060662282126
0,-6.0,-40.48993426426899,-38.08022351871255,2.516940948693127,-0.8518730225408274
0,-5.9,-39.91393219257486,-37.51374853519331,2.516940948693127,-0.8496739399244653
0,-5.8,-39.356510382726896,-36.94178256202328,2.516940948693127,-0.8474053311829348
0,-5.7,-38.77969115910512,-36.36427839377673,2.6137463697967087,-0.8450634424323831
0,-5.6,-38.21149863942869,-35.7811884906991,2.6137463697967087,-0.842644379798837
0,-5.5,-37.64024601833521,-35.19246497672414,2.7105517909002903,-0.840143904639313
0,-5.4,-36.98555106651592,-34.59805963748177,2.7105517909002903,-0.8375575159963575
0,-5.3,-36.43189614242658,-33.997923918297424,2.904162633107454,-0.8348803980714797
0,-5.2,-35.8178570631528,-33.39200892218217,2.904162633107454,-0.8321074794330086
0,-5.1,-35.210723272415414,-32.780265407814035,2.904162633107454,-0.8292328833221937
0,-5.0,-34.53123512917333,-32.16264378751023,3.0009680542110355,-0.8262502353731652
0,-4.9,-33.8361764087536,-31.539094125190445,3.0009680542110355,-0.8231528448045462
0,-4.8,-33.18234679311496,-30.90956613433113,3.0009680542110355,-0.8199332212835857
0,-4.7,-32.56725689599591,-30.274009175910624,3.0009680542110355,-0.8165831067075361
0,-4.6,-31.92433138068508,-29.63237225634528,3.0977734753146176,-0.8130936741100504
0,-4.5,-31.237762475368136,-28.984604025416488,3.0977734753146176,-0.8094553273533241
0,-4.4,-30.47753186653155,-28.33065277418851,3.0977734753146176,-0.8056572514968794
0,-4.3,-29.82392072266049,-27.670466432917248,3.0977734753146176,-0.8016875332129098
0,-4.2,-29.25240256953554,-27.003992568949798,3.0977734753146176,-0.797533021499523
0,-4.1,-28.606437117579876,-26.331178384614734,3.0977734753146176,-0.7931791660332314
0,-4.0,-27.8673995450058,-25.651970715103335,3.0977734753146176,-0.7886098301144414
0,-3.9,-27.180532983016725,-24.966316026341392,3.0977734753146176,-0.7838070735379478
0,-3.8,-26.33340580406398,-24.27416041285184,3.0977734753146176,-0.7787508997409057
0,-3.7,-25.62357274253414,-23.575449595608095,3.0977734753146176,-0.7734189603711141
0,-3.6,-24.980422026621476,-22.870128919878034,3.0977734753146176,-0.767786208919405
0,-3.5,-24.312515667677893,-22.15814335305863,3.0977734753146176,-0.7618244931958328
0,-3.4,-23.686456601690374,-21.439437482501262,3.0977734753146176,-0.7555020741033402
0,-3.3,-22.99234905921993,-20.713955513327583,3.291384317521781,-0.7487840258569012
0,-3.2,-22.334543138391382,-19.981641266236032,3.291384317521781,-0.741631885464975
0,-3.1,-21.733203668882194,-19.24243817529879,3.291384317521781,-0.734000089694689
0,-3.0,-21.05296500448063,-18.49628928574944,3.3881897386253628,-0.7258365600118899
0,-2.9,-20.41602485085211,-17.74313725176098,3.3881897386253628,-0.7170820374090288
0,-2.8,-19.745118487936665,-16.982924334214385,3.3881897386253628,-0.7076682738199351
0,-2.7,-19.090251494450516,-16.21559239845765,3.6786060019361084,-0.6975163868864861
0,-2.6,-18.431356654792243,-15.441082912055226,3.8722168441432716,-0.6865365381129612
0,-2.5,-17.646784790334603,-14.659336942527895,3.8722168441432716,-0.67462509596371
0,-2.4,-16.906556222268478,-13.87029515508302,4.065827686350436,-0.6616591687567211
0,-2.3,-16.139710832896036,-13.073897810335158,4.259438528557599,-0.6474934057422818
0,-2.2,-15.394979643296603,-12.270084762017,4.646660212971927,-0.6319587713013867
0,-2.1,-14.64545398279279,-11.458795454680622,5.033881897386254,-0.6148604987525054
0,-2.0,-13.82952356565913,-10.639968921389073,5.227492739593417,-0.5959592494797836
0,-1.9,-13.09449663508504,-9.813543781398124,6.001936108422071,-0.5749666689352266
0,-1.8,-12.255808272454683,-8.979458237828357,6.485963213939981,-0.5515371773414126
0,-1.7,-11.528732516014772,-8.137650075327397,7.066795740561471,-0.5252517172051516
0,-1.6,-10.54167980194407,-7.288056657722348,7.454017424975799,-0.49559981332217434
0,-1.5,-9.694012743117675,-6.430614925662415,8.228460793804453,-0.4619547294914007
0,-1.4,-8.797395444749757,-5.565261394251627,9.583736689254598,-0.4235555887253696
0,-1.3,-7.973798503133411,-4.691932150671681,11.22942884801549,-0.3794716611337988
0,-1.2,-7.231972594589797,-3.8105628517948795,12.197483059051308,-0.32856072906844774
0,-1.1,-6.447669648518661,-2.921088721787128,14.03678606001936,-0.269420178544447
0,-1.0,-5.7046457021558865,-2.023444549700947,16.55372700871249,-0.20032376517005945
0,-0.9,-4.909129623222174,-1.117564687058531,20.232333010648595,-0.11917565367298223
0,-0.8,-4.118218343862812,-0.2033830454247357,23.523717328170378,-0.02344285244609567
0,-0.7,-3.1965756216571495,0.7191669060299117,26.815101645692156,0.08990248487522444
0,-0.6,-2.3467002114125446,1.6501521429763277,31.07454017424976,0.22439579949419391
0,-0.5,-1.6039869628884595,2.589640088384042,36.689254598257506,0.3840316850488869
0,-0.4,-0.7774555392894622,3.537698614988509,44.1432720232333,0.5733415229784129
0,-0.3,0.037828145387841516,4.494396047768543,50.242013552758955,0.797222574118263
0,-0.2,0.8631998830057053,5.45980116643395,57.69603097773476,1.0606692191430018
0,-0.1,1.7044787893133795,6.4339832079233235,63.69796708615682,1.369022801611332
0,0.0,2.503855577348646,7.417011868912097,69.31268151016457,1.7275721549117853
0,0.1,3.5420548782631123,8.408957308330809,74.4433688286544,2.1433661105475705
0,0.2,4.525441137760011,9.409890149893675,78.02516940948692,2.6234101402198107
0,0.3,5.414752067707318,10.419881484637422,80.83252662149081,3.1752213274807266
0,0.4,6.2537253613835,11.439002873470493,85.18877057115198,3.8052986017849695
0,0.5,7.279054677790109,12.467326349732557,87.41529525653436,4.5219877071971215
0,0.6,8.168206112005883,13.50492442176445,89.64181994191675,5.327803596631813
0,0.7,9.188060336603366,14.551870075488424,90.80348499515974,6.223275706744683
0,0.8,10.087508552041257,15.608236776998986,91.67473378509197,7.2051424444023375
0,0.9,11.136407020318417,16.674098475163984,93.22362052274927,8.279817597046994
0,1.0,12.00891397291024,17.749529604236407,93.80445304937076,9.458457988469847
0,1.1,12.919508778558042,18.83460508647647,94.48209099709584,10.72642939559173
0,1.2,13.88594086743602,19.92940033478439,95.15972894482091,12.070929512450979
0,1.3,14.816289971698037,21.033991255343697,96.32139399806388,13.501243162582831
0,1.4,15.8990463806173,22.148454250275016,96.61181026137464,15.0549673794209
0,1.5,16.9369874150076,23.27286622030067,96.90222652468539,16.764275268184576
0,1.6,17.829355450704433,24.407304567419715,97.19264278799614,18.654078559586782
0,1.7,18.76144732457201,25.551847197593784,97.48305905130688,20.75890325057699
0,1.8,19.71116100628376,26.706572523443565,97.57986447241046,23.115145785308297
0,1.9,20.72512811042062,27.871559466955983,97.87028073572121,25.761581786917958
0,2.0,22.000122434786086,29.04688746220221,98.16069699903196,28.75820697383775
0,2.1,23.09578572281329,30.232636458066356,98.25750242013552,32.16887667966326
0,2.2,24.06879737556975,31.428886920984986,98.45111326234269,36.06803838291385
0,2.3,25.13208254311825,32.635719837697515,98.54791868344628,40.58588284115392
0,2.4,26.28894696263364,33.85321671800742,98.83833494675702,45.86683536001188
0,2.5,27.417044632069953,35.08145959755429,98.83833494675702,52.131054229218904
0,2.6,28.571694102543653,36.320531040596876,98.83833494675702,59.679233088866916
0,2.7,29.66699035536571,37.570514142806964,98.83833494675702,68.88532681685973
0,2.8,30.749857330512476,38.83149253407435,98.83833494675702,80.23684443252743
0,2.9,31.721446078995918,40.10355038132267,99.12875121006776,94.34326978793402
0,3.0,32.79381894056108,41.38677239133635,99.12875121006776,112.00224468572809
0,3.1,33.87325744562477,42.68124381359847,99.32236205227493,133.8255049017339
0,3.2,34.86538745588723,43.98705044313988,99.41916747337851,161.78473438935882
0,3.3,35.94272445977565,45.30427862339923,99.41916747337851,199.41474203775905
0,3.4,37.08333084866033,46.633015249094285,99.61277831558567,251.77834433848582
0,3.5,38.147826382662785,47.97334776910424,99.70958373668925,329.23753362810663
0,3.6,39.13162990794803,49.325364189363356,99.70958373668925,453.61868250673064
0,3.7,40.328365131669884,50.6891530757657,99.80638915779284,651.1113469020748
0,3.8,41.38438701405871,52.06480355708116,99.90319457889642,957.6080232091506
0,3.9,42.4827856678069,53.45240532788276,99.90319457889642,1674.4093159315214
0,4.0,43.61771610230198,54.85204865148512,99.90319457889642,5815.40934725891
0,4.1,44.672829913635795,56.26382436289448,100.0,0.0
0,4.2,45.73352002934903,57.687823871769865,100.0,0.0
0,4.3,46.79980454890958,59.12413916539558,100.0,0.0
0,4.4,48.0552219549675,60.57286281166542,100.0,0.0
0,4.5,49.29595847491527,62.03408796207786,100.0,0.0
0,4.6,50.53438486579631,63.507908354743165,100.0,0.0
0,4.7,51.75916062024166,64.99441831740158,100.0,0.0
0,4.8,53.077161049086996,66.49371277045329,100.0,0.0
0,4.9,54.109094345752865,68.00588722999981,100.0,0.0
0,5.0,55.47144273638238,69.53103781089702,100.0,0.0
0,5.1,56.55301243387345,71.06926122981963,100.0,0.0
0,5.2,57.81865868780258,72.62065480833755,100.0,0.0
0,5.3,59.09244487305989,74.18531647600355,100.0,0.0
0,5.4,60.33462567921751,75.763344773453,100.0,0.0
0,5.5,61.68440437305026,77.3548388555149,100.0,0.0
0,5.6,62.93420021955698,78.95989849433501,100.0,0.0
0,5.7,64.2495038730365,80.57862408251056,100.0,0.0
0,5.8,65.57364656590671,82.21111663623671,100.0,0.0
0,5.9,66.74900787205497,83.85747779846508,100.0,0.0
0,6.0,67.90933655244577,85.51780984207369,100.0,0.0
0,6.1,69.30984192911382,87.19221567304926,100.0,0.0
0,6.2,70.77651486437028,88.8807988336812,100.0,0.0
0,6.3,72.05878313452021,90.58366350576733,100.0,0.0
0,6.4,73.41769748939488,92.30091451383201,100.0,0.0
0,6.5,74.81801430363132,94.03265732835581,100.0,0.0
0,6.6,76.22635334680747,95.7789980690176,100.0,0.0
0,6.7,77.64274660819459,97.5400435079484,100.0,0.0
0,6.8,79.05901927072951,99.31590107299735,100.0,0.0
0,6.9,80.37033322978478,101.10667885100995,100.0,0.0
0,7.0,81.68848054613153,102.91248559111828,100.0,0.0
0,7.1,83.01348400678621,104.73343070804349,100.0,0.0
0,7.2,84.34536644341186,106.56962428541036,100.0,0.0
0,7.3,85.6841507323575,108.42117707907413,100.0,0.0
0,7.4,87.02985979469697,110.28820052045971,100.0,0.0
0,7.5,88.38251659626846,112.17080671991297,100.0,0.0
0,7.6,89.7421441477135,114.06910847006448,100.0,0.0
0,7.7,91.10876550451653,115.98321924920553,100.0,0.0
0,7.8,92.68752937956162,117.91325322467647,100.0,0.0
0,7.9,94.32064217829293,119.85932525626764,100.0,0.0
0,8.0,95.72015173780382,121.82155089963247,100.0,0.0
0,8.1,97.12756454992211,123.80004640971323,100.0,0.0
0,8.2,98.54291179255003,125.79492874417913,100.0,0.0
0,8.3,99.8824770985542,127.80631556687719,100.0,0.0
0,8.4,101.13482330578442,129.83432525129498,100.0,0.0
0,8.5,102.39386912254224,131.87907688403712,100.0,0.0
0,8.6,103.72690535939597,133.94069026831312,100.0,0.0
0,8.7,105.16474271486187,136.01928592743863,100.0,0.0
0,8.8,106.60983045685164,138.11498510834912,100.0,0.0
0,8.9,108.06219218202217,140.22790978512614,100.0,0.0
0,9.0,109.71256844354636,142.35818266253682,100.0,0.0
0,9.1,111.38857926022933,144.50592717958514,100.0,0.0
0,9.2,113.07443776396315,146.67126751307705,100.0,0.0
0,9.3,114.6443945902796,148.8543285811977,100.0,0.0
0,9.4,116.15741374383998,151.0552360471018,100.0,0.0
0,9.5,117.6787793657909,153.2741163225168,100.0,0.0
0,9.6,119.20852367114708,155.51109657135882,100.0,0.0
0,9.7,120.74667894953348,157.76630471336188,100.0,0.0
0,9.8,122.2932775652551,160.03986942771962,100.0,0.0
0,9.9,123.87252667015356,162.33192015674032,100.0,0.0
