border,n,median,mean,win_rate,sortino,,,,n,win_rate,median,win_rate2,tot_win:,median2,tot_med,,,n,median,median2
0,-10,68.37269332,145.6727568,100,0,,,,-10,100,68.37269332,1.936108422,101.9361084,-60.27544706,8.097246259,,,-10,68.37269332,-60.27544706
0,-9.9,67.5831641,143.1943239,100,0,,,,-9.9,100,67.5831641,2.032913843,102.0329138,-59.86954833,7.713615767,,,-9.9,67.5831641,-59.86954833
0,-9.8,66.79600708,140.747463,100,0,,,,-9.8,100,66.79600708,2.032913843,102.0329138,-59.45425132,7.341755761,,,-9.8,66.79600708,-59.45425132
0,-9.7,66.01138431,138.3317552,100,0,,,,-9.7,100,66.01138431,2.032913843,102.0329138,-59.03396617,6.977418139,,,-9.7,66.01138431,-59.03396617
0,-9.6,65.22929117,135.9467865,100,0,,,,-9.6,100,65.22929117,2.032913843,102.0329138,-58.5938352,6.635455972,,,-9.6,65.22929117,-58.5938352
0,-9.5,64.49570336,133.5921479,100,0,,,,-9.5,100,64.49570336,2.032913843,102.0329138,-58.14719914,6.348504216,,,-9.5,64.49570336,-58.14719914
0,-9.4,63.77588198,131.2674354,100,0,,,,-9.4,100,63.77588198,2.032913843,102.0329138,-57.6972672,6.078614781,,,-9.4,63.77588198,-57.6972672
0,-9.3,63.04432842,128.97225,100,0,,,,-9.3,100,63.04432842,2.032913843,102.0329138,-57.24402338,5.800305036,,,-9.3,63.04432842,-57.24402338
0,-9.2,62.37315498,126.7061976,100,0,,,,-9.2,100,62.37315498,2.032913843,102.0329138,-56.78745168,5.585703305,,,-9.2,62.37315498,-56.78745168
0,-9.1,61.68062916,124.4688885,100,0,,,,-9.1,100,61.68062916,2.032913843,102.0329138,-56.327536,5.353093161,,,-9.1,61.68062916,-56.327536
0,-9,60.93762849,122.2599383,100,0,,,,-9,100,60.93762849,2.032913843,102.0329138,-55.84524223,5.092386255,,,-9,60.93762849,-55.84524223
0,-8.9,60.19711048,120.0789669,100,0,,,,-8.9,100,60.19711048,2.032913843,102.0329138,-55.40385009,4.793260386,,,-8.9,60.19711048,-55.40385009
0,-8.8,59.45906994,117.9255992,100,0,,,,-8.8,100,59.45906994,2.032913843,102.0329138,-54.95873577,4.500334168,,,-8.8,59.45906994,-54.95873577
0,-8.7,58.72350168,115.7994644,100,0,,,,-8.7,100,58.72350168,2.032913843,102.0329138,-54.5098747,4.213626982,,,-8.7,58.72350168,-54.5098747
0,-8.6,57.99040055,113.7001964,100,0,,,,-8.6,100,57.99040055,2.032913843,102.0329138,-54.01832031,3.972080243,,,-8.6,57.99040055,-54.01832031
0,-8.5,57.25976135,111.6274338,100,0,,,,-8.5,100,57.25976135,2.032913843,102.0329138,-53.50975366,3.750007686,,,-8.5,57.25976135,-53.50975366
0,-8.4,56.58717658,109.5808194,100,0,,,,-8.4,100,56.58717658,2.032913843,102.0329138,-53.08030277,3.506873806,,,-8.4,56.58717658,-53.08030277
0,-8.3,55.84476526,107.5600006,100,0,,,,-8.3,100,55.84476526,2.032913843,102.0329138,-52.65159056,3.1931747,,,-8.3,55.84476526,-52.65159056
0,-8.2,55.17958811,105.5646292,100,0,,,,-8.2,100,55.17958811,2.032913843,102.0329138,-52.1349283,3.044659813,,,-8.2,55.17958811,-52.1349283
0,-8.1,54.54969732,103.5943611,100,0,,,,-8.1,100,54.54969732,2.129719264,102.1297193,-51.6467434,2.902953921,,,-8.1,54.54969732,-51.6467434
0,-8,53.93576597,101.6488569,100,0,,,,-8,100,53.93576597,2.129719264,102.1297193,-51.14920264,2.786563328,,,-8,53.93576597,-51.14920264
0,-7.9,53.30151748,99.72778105,100,0,,,,-7.9,100,53.30151748,2.129719264,102.1297193,-50.6382625,2.663254975,,,-7.9,53.30151748,-50.6382625
0,-7.8,52.67126255,97.83080246,100,0,,,,-7.8,100,52.67126255,2.129719264,102.1297193,-50.12653395,2.544728603,,,-7.8,52.67126255,-50.12653395
0,-7.7,52.04885228,95.95759413,100,0,,,,-7.7,100,52.04885228,2.129719264,102.1297193,-49.60880646,2.440045819,,,-7.7,52.04885228,-49.60880646
0,-7.6,51.46067299,94.10783318,100,0,,,,-7.6,100,51.46067299,2.129719264,102.1297193,-49.09277548,2.367897505,,,-7.6,51.46067299,-49.09277548
0,-7.5,50.95940593,92.28120079,100,0,,,,-7.5,100,50.95940593,2.129719264,102.1297193,-48.56315544,2.39625049,,,-7.5,50.95940593,-48.56315544
0,-7.4,50.24582438,90.4773822,100,0,,,,-7.4,100,50.24582438,2.129719264,102.1297193,-48.09074728,2.155077104,,,-7.4,50.24582438,-48.09074728
0,-7.3,49.50264652,88.69606663,100,0,,,,-7.3,100,49.50264652,2.129719264,102.1297193,-47.55482695,1.947819568,,,-7.3,49.50264652,-47.55482695
0,-7.2,48.76207263,86.93694725,100,0,,,,-7.2,100,48.76207263,2.129719264,102.1297193,-47.04933955,1.71273308,,,-7.2,48.76207263,-47.04933955
0,-7.1,47.98968729,85.19972114,100,0,,,,-7.1,100,47.98968729,2.226524685,102.2265247,-46.53085606,1.458831235,,,-7.1,47.98968729,-46.53085606
0,-7,47.28871363,83.48408924,100,0,,,,-7,100,47.28871363,2.226524685,102.2265247,-46.02838625,1.260327376,,,-7,47.28871363,-46.02838625
0,-6.9,46.7756624,81.78975632,100,0,,,,-6.9,100,46.7756624,2.226524685,102.2265247,-45.4910657,1.284596695,,,-6.9,46.7756624,-45.4910657
0,-6.8,46.02458486,80.11643093,100,0,,,,-6.8,100,46.02458486,2.226524685,102.2265247,-44.91953828,1.105046581,,,-6.8,46.02458486,-44.91953828
0,-6.7,45.26430619,78.46382537,100,0,,,,-6.7,100,45.26430619,2.226524685,102.2265247,-44.2976934,0.966612789,,,-6.7,45.26430619,-44.2976934
0,-6.6,44.50716587,76.83165562,100,0,,,,-6.6,100,44.50716587,2.226524685,102.2265247,-43.72224567,0.7849202,,,-6.6,44.50716587,-43.72224567
0,-6.5,43.75315401,75.21964136,100,0,,,,-6.5,100,43.75315401,2.226524685,102.2265247,-43.20124796,0.551906047,,,-6.5,43.75315401,-43.20124796
0,-6.4,43.0544213,73.62750585,100,0,,,,-6.4,100,43.0544213,2.226524685,102.2265247,-42.64907294,0.405348362,,,-6.4,43.0544213,-42.64907294
0,-6.3,42.49022039,72.05497597,100,0,,,,-6.3,100,42.49022039,2.323330106,102.3233301,-42.1071076,0.383112785,,,-6.3,42.49022039,-42.1071076
0,-6.2,41.93876126,70.50178213,100,0,,,,-6.2,100,41.93876126,2.323330106,102.3233301,-41.56738018,0.371381078,,,-6.2,41.93876126,-41.56738018
0,-6.1,41.16618305,68.96765823,100,0,,,,-6.1,100,41.16618305,2.516940949,102.5169409,-41.02734006,0.138842992,,,-6.1,41.16618305,-41.02734006
0,-6,40.31795842,67.45234168,100,0,,,,-6,100,40.31795842,2.516940949,102.5169409,-40.48993426,-0.171975844,,,-6,40.31795842,-40.48993426
0,-5.9,39.47322489,65.95557327,100,0,,,,-5.9,100,39.47322489,2.516940949,102.5169409,-39.91393219,-0.440707303,,,-5.9,39.47322489,-39.91393219
0,-5.8,38.72333894,64.47709722,100,0,,,,-5.8,100,38.72333894,2.516940949,102.5169409,-39.35651038,-0.633171443,,,-5.8,38.72333894,-39.35651038
0,-5.7,37.98493404,63.01666108,100,0,,,,-5.7,100,37.98493404,2.61374637,102.6137464,-38.77969116,-0.794757119,,,-5.7,37.98493404,-38.77969116
0,-5.6,37.35418599,61.57401573,100,0,,,,-5.6,100,37.35418599,2.61374637,102.6137464,-38.21149864,-0.857312649,,,-5.6,37.35418599,-38.21149864
0,-5.5,36.75858292,60.14891533,100,0,,,,-5.5,100,36.75858292,2.710551791,102.7105518,-37.64024602,-0.881663098,,,-5.5,36.75858292,-37.64024602
0,-5.4,36.22746457,58.74111728,100,0,,,,-5.4,100,36.22746457,2.710551791,102.7105518,-36.98555107,-0.758086497,,,-5.4,36.22746457,-36.98555107
0,-5.3,35.64704798,57.35038218,100,0,,,,-5.3,100,35.64704798,2.904162633,102.9041626,-36.43189614,-0.784848162,,,-5.3,35.64704798,-36.43189614
0,-5.2,34.85284427,55.97647382,100,0,,,,-5.2,100,34.85284427,2.904162633,102.9041626,-35.81785706,-0.965012793,,,-5.2,34.85284427,-35.81785706
0,-5.1,34.18871736,54.61915911,100,0,,,,-5.1,100,34.18871736,2.904162633,102.9041626,-35.21072327,-1.022005912,,,-5.1,34.18871736,-35.21072327
0,-5,33.51467368,53.27820807,100,0,,,,-5,100,33.51467368,3.000968054,103.0009681,-34.53123513,-1.016561449,,,-5,33.51467368,-34.53123513
0,-4.9,32.90368593,51.95339377,100,0,,,,-4.9,100,32.90368593,3.000968054,103.0009681,-33.83617641,-0.932490479,,,-4.9,32.90368593,-33.83617641
0,-4.8,32.19272768,50.64449235,100,0,,,,-4.8,100,32.19272768,3.000968054,103.0009681,-33.18234679,-0.989619113,,,-4.8,32.19272768,-33.18234679
0,-4.7,31.48169436,49.35128289,100,0,,,,-4.7,100,31.48169436,3.000968054,103.0009681,-32.5672569,-1.085562536,,,-4.7,31.48169436,-32.5672569
0,-4.6,30.98472635,48.07354748,100,0,,,,-4.6,100,30.98472635,3.097773475,103.0977735,-31.92433138,-0.939605031,,,-4.6,30.98472635,-31.92433138
0,-4.5,30.42349662,46.81107112,100,0,,,,-4.5,100,30.42349662,3.097773475,103.0977735,-31.23776248,-0.814265855,,,-4.5,30.42349662,-31.23776248
0,-4.4,29.91735986,45.5636417,100,0,,,,-4.4,100,29.91735986,3.097773475,103.0977735,-30.47753187,-0.560172007,,,-4.4,29.91735986,-30.47753187
0,-4.3,29.350162,44.33104997,100,0,,,,-4.3,100,29.350162,3.097773475,103.0977735,-29.82392072,-0.473758723,,,-4.3,29.350162,-29.82392072
0,-4.2,28.74935315,43.11308953,100,0,,,,-4.2,100,28.74935315,3.097773475,103.0977735,-29.25240257,-0.50304942,,,-4.2,28.74935315,-29.25240257
0,-4.1,28.0796006,41.90955675,100,0,,,,-4.1,100,28.0796006,3.097773475,103.0977735,-28.60643712,-0.526836518,,,-4.1,28.0796006,-28.60643712
0,-4,27.384554,40.72025078,100,0,,,,-4,100,27.384554,3.097773475,103.0977735,-27.86739955,-0.482845545,,,-4,27.384554,-27.86739955
0,-3.9,26.69201507,39.54497349,100,0,,,,-3.9,100,26.69201507,3.097773475,103.0977735,-27.18053298,-0.488517913,,,-3.9,26.69201507,-27.18053298
0,-3.8,26.00197907,38.38352946,100,0,,,,-3.8,100,26.00197907,3.097773475,103.0977735,-26.3334058,-0.331426734,,,-3.8,26.00197907,-26.3334058
0,-3.7,25.26742985,37.23572593,100,0,,,,-3.7,100,25.26742985,3.097773475,103.0977735,-25.62357274,-0.356142893,,,-3.7,25.26742985,-25.62357274
0,-3.6,24.51650527,36.10137277,100,0,,,,-3.6,100,24.51650527,3.097773475,103.0977735,-24.98042203,-0.463916757,,,-3.6,24.51650527,-24.98042203
0,-3.5,23.79121691,34.98028248,100,0,,,,-3.5,100,23.79121691,3.097773475,103.0977735,-24.31251567,-0.521298758,,,-3.5,23.79121691,-24.31251567
0,-3.4,23.02361294,33.87227012,100,0,,,,-3.4,100,23.02361294,3.097773475,103.0977735,-23.6864566,-0.662843662,,,-3.4,23.02361294,-23.6864566
0,-3.3,22.43699387,32.77715328,100,0,,,,-3.3,100,22.43699387,3.291384318,103.2913843,-22.99234906,-0.555355189,,,-3.3,22.43699387,-22.99234906
0,-3.2,21.90567241,31.69475207,100,0,,,,-3.2,100,21.90567241,3.291384318,103.2913843,-22.33454314,-0.428870728,,,-3.2,21.90567241,-22.33454314
0,-3.1,21.3011357,30.62488911,100,0,,,,-3.1,100,21.3011357,3.291384318,103.2913843,-21.73320367,-0.432067969,,,-3.1,21.3011357,-21.73320367
0,-3,20.71689008,29.56738944,99.90319458,3557.480436,,,,-3,99.90319458,20.71689008,3.388189739,103.2913843,-21.052965,-0.336074924,,,-3,20.71689008,-21.052965
0,-2.9,20.11602596,28.52208055,99.90319458,1219.228834,,,,-2.9,99.90319458,20.11602596,3.388189739,103.2913843,-20.41602485,-0.299998891,,,-2.9,20.11602596,-20.41602485
0,-2.8,19.50289957,27.4887923,99.90319458,715.222559,,,,-2.8,99.90319458,19.50289957,3.388189739,103.2913843,-19.74511849,-0.242218918,,,-2.8,19.50289957,-19.74511849
0,-2.7,18.95544169,26.46735695,99.90319458,495.3422284,,,,-2.7,99.90319458,18.95544169,3.678606002,103.5818006,-19.09025149,-0.134809804,,,-2.7,18.95544169,-19.09025149
0,-2.6,18.2078415,25.45760906,99.80638916,368.0158809,,,,-2.6,99.80638916,18.2078415,3.872216844,103.678606,-18.43135665,-0.223515155,,,-2.6,18.2078415,-18.43135665
0,-2.5,17.64049617,24.45938552,99.80638916,263.1248998,,,,-2.5,99.80638916,17.64049617,3.872216844,103.678606,-17.64678479,-0.00628862,,,-2.5,17.64049617,-17.64678479
0,-2.4,17.11071631,23.47252551,99.70958374,192.8706784,,,,-2.4,99.70958374,17.11071631,4.065827686,103.7754114,-16.90655622,0.204160088,,,-2.4,17.11071631,-16.90655622
0,-2.3,16.50058383,22.49687044,99.70958374,147.440976,,,,-2.3,99.70958374,16.50058383,4.259438529,103.9690223,-16.13971083,0.360872997,,,-2.3,16.50058383,-16.13971083
0,-2.2,15.86161838,21.53226398,99.70958374,116.7268855,,,,-2.2,99.70958374,15.86161838,4.646660213,104.356244,-15.39497964,0.466638737,,,-2.2,15.86161838,-15.39497964
0,-2.1,15.3455027,20.57855195,99.61277832,94.87467433,,,,-2.1,99.61277832,15.3455027,5.033881897,104.6466602,-14.64545398,0.700048717,,,-2.1,15.3455027,-14.64545398
0,-2,14.7928348,19.63558239,99.51597289,78.34400839,,,,-2,99.51597289,14.7928348,5.22749274,104.7434656,-13.82952357,0.963311234,,,-2,14.7928348,-13.82952357
0,-1.9,14.15212536,18.70320546,99.51597289,63.31238664,,,,-1.9,99.51597289,14.15212536,6.001936108,105.517909,-13.09449664,1.057628725,,,-1.9,14.15212536,-13.09449664
0,-1.8,13.53019842,17.78127343,99.51597289,50.88999294,,,,-1.8,99.51597289,13.53019842,6.485963214,106.0019361,-12.25580827,1.274390148,,,-1.8,13.53019842,-12.25580827
0,-1.7,13.03980546,16.86964069,99.32236205,41.23045041,,,,-1.7,99.32236205,13.03980546,7.066795741,106.3891578,-11.52873252,1.511072944,,,-1.7,13.03980546,-11.52873252
0,-1.6,12.48353391,15.96816366,99.32236205,33.74923131,,,,-1.6,99.32236205,12.48353391,7.454017425,106.7763795,-10.5416798,1.941854108,,,-1.6,12.48353391,-10.5416798
0,-1.5,11.92169409,15.07670083,98.54791868,27.93074116,,,,-1.5,98.54791868,11.92169409,8.228460794,106.7763795,-9.694012743,2.227681347,,,-1.5,11.92169409,-9.694012743
0,-1.4,11.36164684,14.1951127,98.160697,23.23199,,,,-1.4,98.160697,11.36164684,9.583736689,107.7444337,-8.797395445,2.564251395,,,-1.4,11.36164684,-8.797395445
0,-1.3,10.7778534,13.32326173,97.67666989,19.11695599,,,,-1.3,97.67666989,10.7778534,11.22942885,108.9060987,-7.973798503,2.804054897,,,-1.3,10.7778534,-7.973798503
0,-1.2,10.24596002,12.46101237,96.90222652,15.57135786,,,,-1.2,96.90222652,10.24596002,12.19748306,109.0997096,-7.231972595,3.013987425,,,-1.2,10.24596002,-7.231972595
0,-1.1,9.676086273,11.60823101,96.8054211,12.61632035,,,,-1.1,96.8054211,9.676086273,14.03678606,110.8422072,-6.447669649,3.228416624,,,-1.1,9.676086273,-6.447669649
0,-1,9.083982486,10.76478595,96.12778316,10.23520757,,,,-1,96.12778316,9.083982486,16.55372701,112.6815102,-5.704645702,3.379336784,,,-1,9.083982486,-5.704645702
0,-0.9,8.396747088,9.93054737,94.67570184,8.318969396,,,,-0.9,94.67570184,8.396747088,20.23233301,114.9080349,-4.909129623,3.487617465,,,-0.9,8.396747088,-4.909129623
0,-0.8,7.580318559,9.105387321,94.19167473,6.750383256,,,,-0.8,94.19167473,7.580318559,23.52371733,117.7153921,-4.118218344,3.462100215,,,-0.8,7.580318559,-4.118218344
0,-0.7,6.700221301,8.289179697,92.06195547,5.450873319,,,,-0.7,92.06195547,6.700221301,26.81510165,118.8770571,-3.196575622,3.503645679,,,-0.7,6.700221301,-3.196575622
0,-0.6,5.943802466,7.481800211,89.54501452,4.356173208,,,,-0.6,89.54501452,5.943802466,31.07454017,120.6195547,-2.346700211,3.597102255,,,-0.6,5.943802466,-2.346700211
0,-0.5,5.203906401,6.683126367,87.41529526,3.384251932,,,,-0.5,87.41529526,5.203906401,36.6892546,124.1045499,-1.603986963,3.599919438,,,-0.5,5.203906401,-1.603986963
0,-0.4,4.603938302,5.893037441,84.89835431,2.552088388,,,,-0.4,84.89835431,4.603938302,44.14327202,129.0416263,-0.777455539,3.826482763,,,-0.4,4.603938302,-0.777455539
0,-0.3,3.989129702,5.111414458,82.96224589,1.889404519,,,,-0.3,82.96224589,3.989129702,50.24201355,133.2042594,0.037828145,4.026957847,,,-0.3,3.989129702,0.037828145
0,-0.2,3.481741905,4.338140167,79.28363988,1.375281946,,,,-0.2,79.28363988,3.481741905,57.69603098,136.9796709,0.863199883,4.344941788,,,-0.2,3.481741905,0.863199883
0,-0.1,2.898102165,3.57309902,75.99225557,0.978097218,,,,-0.1,75.99225557,2.898102165,63.69796709,139.6902227,1.704478789,4.602580954,,,-0.1,2.898102165,1.704478789
0,0,2.448747288,2.816177149,72.41045499,0.670916052,,,,0,72.41045499,2.448747288,69.31268151,141.7231365,2.503855577,4.952602865,,,0,2.448747288,2.503855577
0,0.1,1.98935428,2.067262346,67.47337851,0.432413235,,,,0.1,67.47337851,1.98935428,74.44336883,141.9167473,3.542054878,5.531409158,,,0.1,1.98935428,3.542054878
0,0.2,1.463540884,1.326244038,62.92352372,0.245552452,,,,0.2,62.92352372,1.463540884,78.02516941,140.9486931,4.525441138,5.988982022,,,0.2,1.463540884,4.525441138
0,0.3,1.076368246,0.593013265,59.34172314,0.097954711,,,,0.3,59.34172314,1.076368246,80.83252662,140.1742498,5.414752068,6.491120314,,,0.3,1.076368246,5.414752068
0,0.4,0.710746533,-0.132537337,55.66311713,-0.019691832,,,,0.4,55.66311713,0.710746533,85.18877057,140.8518877,6.253725361,6.964471894,,,0.4,0.710746533,6.253725361
0,0.5,0.236530252,-0.850513562,52.66214908,-0.114563082,,,,0.5,52.66214908,0.236530252,87.41529526,140.0774443,7.279054678,7.51558493,,,0.5,0.236530252,7.279054678
0,0.6,-0.288550664,-1.561019651,47.43465634,-0.192038111,,,,0.6,47.43465634,-0.288550664,89.64181994,137.0764763,8.168206112,7.879655448,,,0.6,-0.288550664,8.168206112
0,0.7,-0.789887604,-2.264158318,44.14327202,-0.256063201,,,,0.7,44.14327202,-0.789887604,90.803485,134.946757,9.188060337,8.398172733,,,0.7,-0.789887604,9.188060337
0,0.8,-1.247143709,-2.960030763,40.94869313,-0.309539706,,,,0.8,40.94869313,-1.247143709,91.67473379,132.6234269,10.08750855,8.840364843,,,0.8,-1.247143709,10.08750855
0,0.9,-1.661406533,-3.6487367,37.75411423,-0.35466443,,,,0.9,37.75411423,-1.661406533,93.22362052,130.9777348,11.13640702,9.475000487,,,0.9,-1.661406533,11.13640702
0,1,-2.180754275,-4.330374374,34.94675702,-0.39312455,,,,1,34.94675702,-2.180754275,93.80445305,128.7512101,12.00891397,9.828159698,,,1,-2.180754275,12.00891397
0,1.1,-2.69822001,-5.005040579,32.23620523,-0.426230312,,,,1.1,32.23620523,-2.69822001,94.482091,126.7182962,12.91950878,10.22128877,,,1.1,-2.69822001,12.91950878
0,1.2,-3.106688105,-5.672830681,30.59051307,-0.454988833,,,,1.2,30.59051307,-3.106688105,95.15972894,125.750242,13.88594087,10.77925276,,,1.2,-3.106688105,13.88594087
0,1.3,-3.527145366,-6.333838635,28.84801549,-0.480192871,,,,1.3,28.84801549,-3.527145366,96.321394,125.1694095,14.81628997,11.28914461,,,1.3,-3.527145366,14.81628997
0,1.4,-3.846100049,-6.988157006,27.49273959,-0.502457315,,,,1.4,27.49273959,-3.846100049,96.61181026,124.1045499,15.89904638,12.05294633,,,1.4,-3.846100049,15.89904638
0,1.5,-4.478276226,-7.635876988,25.26621491,-0.522271143,,,,1.5,25.26621491,-4.478276226,96.90222652,122.1684414,16.93698742,12.45871119,,,1.5,-4.478276226,16.93698742
0,1.6,-4.993738219,-8.277088422,23.42691191,-0.540021667,,,,1.6,23.42691191,-4.993738219,97.19264279,120.6195547,17.82935545,12.83561723,,,1.6,-4.993738219,17.82935545
0,1.7,-5.574890756,-8.911879815,21.78121975,-0.556022789,,,,1.7,21.78121975,-5.574890756,97.48305905,119.2642788,18.76144732,13.18655657,,,1.7,-5.574890756,18.76144732
0,1.8,-6.190493599,-9.540338357,21.39399806,-0.570528973,,,,1.8,21.39399806,-6.190493599,97.57986447,118.9738625,19.71116101,13.52066741,,,1.8,-6.190493599,19.71116101
0,1.9,-6.697279611,-10.16254995,20.6195547,-0.583752801,,,,1.9,20.6195547,-6.697279611,97.87028074,118.4898354,20.72512811,14.0278485,,,1.9,-6.697279611,20.72512811
0,2,-7.213241783,-10.77859919,19.16747338,-0.59586308,,,,2,19.16747338,-7.213241783,98.160697,117.3281704,22.00012243,14.78688065,,,2,-7.213241783,22.00012243
0,2.1,-7.701806093,-11.38856946,17.52178122,-0.607000657,,,,2.1,17.52178122,-7.701806093,98.25750242,115.7792836,23.09578572,15.39397963,,,2.1,-7.701806093,23.09578572
0,2.2,-8.253427293,-11.99254285,15.77928364,-0.617281489,,,,2.2,15.77928364,-8.253427293,98.45111326,114.2303969,24.06879738,15.81537008,,,2.2,-8.253427293,24.06879738
0,2.3,-8.802813429,-12.59060025,14.71442401,-0.626809558,,,,2.3,14.71442401,-8.802813429,98.54791868,113.2623427,25.13208254,16.32926911,,,2.3,-8.802813429,25.13208254
0,2.4,-9.284046836,-13.18282134,14.42400774,-0.635674089,,,,2.4,14.42400774,-9.284046836,98.83833495,113.2623427,26.28894696,17.00490013,,,2.4,-9.284046836,26.28894696
0,2.5,-9.814258482,-13.7692846,14.03678606,-0.643949669,,,,2.5,14.03678606,-9.814258482,98.83833495,112.875121,27.41704463,17.60278615,,,2.5,-9.814258482,27.41704463
0,2.6,-10.40050032,-14.35006735,12.87512101,-0.65169995,,,,2.6,12.87512101,-10.40050032,98.83833495,111.713456,28.5716941,18.17119378,,,2.6,-10.40050032,28.5716941
0,2.7,-10.72512221,-14.92524574,11.51984511,-0.658980699,,,,2.7,11.51984511,-10.72512221,98.83833495,110.3581801,29.66699036,18.94186815,,,2.7,-10.72512221,29.66699036
0,2.8,-11.44538671,-15.49489478,10.64859632,-0.665839361,,,,2.8,10.64859632,-11.44538671,98.83833495,109.4869313,30.74985733,19.30447062,,,2.8,-11.44538671,30.74985733
0,2.9,-11.87388505,-16.05908835,10.35818006,-0.672316871,,,,2.9,10.35818006,-11.87388505,99.12875121,109.4869313,31.72144608,19.84756103,,,2.9,-11.87388505,31.72144608
0,3,-12.46756567,-16.61789924,9.874152953,-0.678450416,,,,3,9.874152953,-12.46756567,99.12875121,109.0029042,32.79381894,20.32625327,,,3,-12.46756567,32.79381894
0,3.1,-12.93190691,-17.17139913,9.486931268,-0.684272386,,,,3.1,9.486931268,-12.93190691,99.32236205,108.8092933,33.87325745,20.94135054,,,3.1,-12.93190691,33.87325745
0,3.2,-13.35178014,-17.71965863,9.293320426,-0.689811157,,,,3.2,9.293320426,-13.35178014,99.41916747,108.7124879,34.86538746,21.51360732,,,3.2,-13.35178014,34.86538746
0,3.3,-13.9157995,-18.26274729,7.550822846,-0.695091467,,,,3.3,7.550822846,-13.9157995,99.41916747,106.9699903,35.94272446,22.02692496,,,3.3,-13.9157995,35.94272446
0,3.4,-14.3391656,-18.80073361,7.357212004,-0.700134446,,,,3.4,7.357212004,-14.3391656,99.61277832,106.9699903,37.08333085,22.74416525,,,3.4,-14.3391656,37.08333085
0,3.5,-14.80267487,-19.33368507,7.260406583,-0.70495938,,,,3.5,7.260406583,-14.80267487,99.70958374,106.9699903,38.14782638,23.34515151,,,3.5,-14.80267487,38.14782638
0,3.6,-15.34141602,-19.86166811,6.969990319,-0.709583665,,,,3.6,6.969990319,-15.34141602,99.70958374,106.6795741,39.13162991,23.79021389,,,3.6,-15.34141602,39.13162991
0,3.7,-15.85824225,-20.3847482,6.873184898,-0.714022598,,,,3.7,6.873184898,-15.85824225,99.80638916,106.6795741,40.32836513,24.47012288,,,3.7,-15.85824225,40.32836513
0,3.8,-16.32373043,-20.9029898,6.485963214,-0.718290013,,,,3.8,6.485963214,-16.32373043,99.90319458,106.3891578,41.38438701,25.06065658,,,3.8,-16.32373043,41.38438701
0,3.9,-16.73995953,-21.41645641,6.195546951,-0.72239829,,,,3.9,6.195546951,-16.73995953,99.90319458,106.0987415,42.48278567,25.74282614,,,3.9,-16.73995953,42.48278567
0,4,-17.15471342,-21.92521058,6.195546951,-0.726358493,,,,4,6.195546951,-17.15471342,99.90319458,106.0987415,43.6177161,26.46300268,,,4,-17.15471342,43.6177161
0,4.1,-17.65696416,-22.4293139,6.195546951,-0.730180616,,,,4.1,6.195546951,-17.65696416,100,106.195547,44.67282991,27.01586575,,,4.1,-17.65696416,44.67282991
0,4.2,-18.14579279,-22.92882705,6.195546951,-0.733873722,,,,4.2,6.195546951,-18.14579279,100,106.195547,45.73352003,27.58772724,,,4.2,-18.14579279,45.73352003
0,4.3,-18.64276181,-23.42380978,6.09874153,-0.737445982,,,,4.3,6.09874153,-18.64276181,100,106.0987415,46.79980455,28.15704274,,,4.3,-18.64276181,46.79980455
0,4.4,-19.13252111,-23.91432095,6.001936108,-0.740904774,,,,4.4,6.001936108,-19.13252111,100,106.0019361,48.05522195,28.92270084,,,4.4,-19.13252111,48.05522195
0,4.5,-19.56782047,-24.40041852,6.001936108,-0.744256865,,,,4.5,6.001936108,-19.56782047,100,106.0019361,49.29595847,29.728138,,,4.5,-19.56782047,49.29595847
0,4.6,-20.00207221,-24.88215959,6.001936108,-0.74750843,,,,4.6,6.001936108,-20.00207221,100,106.0019361,50.53438487,30.53231266,,,4.6,-20.00207221,50.53438487
0,4.7,-20.4843095,-25.35960038,5.905130687,-0.750665108,,,,4.7,5.905130687,-20.4843095,100,105.9051307,51.75916062,31.27485112,,,4.7,-20.4843095,51.75916062
0,4.8,-21.03328802,-25.8327963,5.614714424,-0.753732033,,,,4.8,5.614714424,-21.03328802,100,105.6147144,53.07716105,32.04387303,,,4.8,-21.03328802,53.07716105
0,4.9,-21.54205494,-26.30180188,5.421103582,-0.756713867,,,,4.9,5.421103582,-21.54205494,100,105.4211036,54.10909435,32.56703941,,,4.9,-21.54205494,54.10909435
0,5,-21.99379633,-26.76667085,5.22749274,-0.759614923,,,,5,5.22749274,-21.99379633,100,105.2274927,55.47144274,33.47764641,,,5,-21.99379633,55.47144274
0,5.1,-22.47845523,-27.22745614,5.033881897,-0.762439177,,,,5.1,5.033881897,-22.47845523,100,105.0338819,56.55301243,34.0745572,,,5.1,-22.47845523,56.55301243
0,5.2,-22.96022383,-27.68420986,5.033881897,-0.76519035,,,,5.2,5.033881897,-22.96022383,100,105.0338819,57.81865869,34.85843486,,,5.2,-22.96022383,57.81865869
0,5.3,-23.35187361,-28.13698334,4.937076476,-0.767871889,,,,5.3,4.937076476,-23.35187361,100,104.9370765,59.09244487,35.74057126,,,5.3,-23.35187361,59.09244487
0,5.4,-23.7811958,-28.58582716,4.35624395,-0.770486982,,,,5.4,4.35624395,-23.7811958,100,104.356244,60.33462568,36.55342988,,,5.4,-23.7811958,60.33462568
0,5.5,-24.23250957,-29.03079111,4.35624395,-0.773038588,,,,5.5,4.35624395,-24.23250957,100,104.356244,61.68440437,37.4518948,,,5.5,-24.23250957,61.68440437
0,5.6,-24.66323179,-29.47192424,4.35624395,-0.775529467,,,,5.6,4.35624395,-24.66323179,100,104.356244,62.93420022,38.27096843,,,5.6,-24.66323179,62.93420022
0,5.7,-25.10135278,-29.90927488,4.35624395,-0.7779622,,,,5.7,4.35624395,-25.10135278,100,104.356244,64.24950387,39.14815109,,,5.7,-25.10135278,64.24950387
0,5.8,-25.52211032,-30.3428906,3.969022265,-0.780339188,,,,5.8,3.969022265,-25.52211032,100,103.9690223,65.57364657,40.05153625,,,5.8,-25.52211032,65.57364657
0,5.9,-25.91024882,-30.77281828,3.678606002,-0.782662506,,,,5.9,3.678606002,-25.91024882,100,103.678606,66.74900787,40.83875905,,,5.9,-25.91024882,66.74900787
0,6,-26.28713773,-31.1991041,3.581800581,-0.784934171,,,,6,3.581800581,-26.28713773,100,103.5818006,67.90933655,41.62219882,,,6,-26.28713773,67.90933655
0,6.1,-26.6772224,-31.62179353,3.581800581,-0.78715617,,,,6.1,3.581800581,-26.6772224,100,103.5818006,69.30984193,42.63261953,,,6.1,-26.6772224,69.30984193
0,6.2,-27.08549846,-32.04093136,3.291384318,-0.789330368,,,,6.2,3.291384318,-27.08549846,100,103.2913843,70.77651486,43.6910164,,,6.2,-27.08549846,70.77651486
0,6.3,-27.47444885,-32.45656172,2.904162633,-0.791458519,,,,6.3,2.904162633,-27.47444885,100,102.9041626,72.05878313,44.58433428,,,6.3,-27.47444885,72.05878313
0,6.4,-27.88514598,-32.86872807,2.226524685,-0.793542268,,,,6.4,2.226524685,-27.88514598,100,102.2265247,73.41769749,45.53255151,,,6.4,-27.88514598,73.41769749
0,6.5,-28.32953822,-33.27747323,2.032913843,-0.795583155,,,,6.5,2.032913843,-28.32953822,100,102.0329138,74.8180143,46.48847608,,,6.5,-28.32953822,74.8180143
0,6.6,-28.7807219,-33.68283937,1.936108422,-0.797582623,,,,6.6,1.936108422,-28.7807219,100,101.9361084,76.22635335,47.44563145,,,6.6,-28.7807219,76.22635335
0,6.7,-29.20712356,-34.08486803,1.936108422,-0.799542056,,,,6.7,1.936108422,-29.20712356,100,101.9361084,77.64274661,48.43562305,,,6.7,-29.20712356,77.64274661
0,6.8,-29.67755433,-34.48360015,1.839303001,-0.801462786,,,,6.8,1.839303001,-29.67755433,100,101.839303,79.05901927,49.38146494,,,6.8,-29.67755433,79.05901927
0,6.9,-30.12321138,-34.87907602,1.839303001,-0.803346078,,,,6.9,1.839303001,-30.12321138,100,101.839303,80.37033323,50.24712185,,,6.9,-30.12321138,80.37033323
0,7,-30.5670345,-35.27133538,1.839303001,-0.805193132,,,,7,1.839303001,-30.5670345,100,101.839303,81.68848055,51.12144605,,,7,-30.5670345,81.68848055
0,7.1,-31.00902784,-35.66041734,1.839303001,-0.807005093,,,,7.1,1.839303001,-31.00902784,100,101.839303,83.01348401,52.00445617,,,7.1,-31.00902784,83.01348401
0,7.2,-31.46573987,-36.04636045,1.74249758,-0.808783047,,,,7.2,1.74249758,-31.46573987,100,101.7424976,84.34536644,52.87962657,,,7.2,-31.46573987,84.34536644
0,7.3,-31.93099985,-36.42920268,1.645692159,-0.810528003,,,,7.3,1.645692159,-31.93099985,100,101.6456922,85.68415073,53.75315088,,,7.3,-31.93099985,85.68415073
0,7.4,-32.33259724,-36.80898143,1.645692159,-0.812240706,,,,7.4,1.645692159,-32.33259724,100,101.6456922,87.02985979,54.69726255,,,7.4,-32.33259724,87.02985979
0,7.5,-32.75878595,-37.18573357,1.645692159,-0.813922058,,,,7.5,1.645692159,-32.75878595,100,101.6456922,88.3825166,55.62373065,,,7.5,-32.75878595,88.3825166
0,7.6,-33.19169228,-37.55949541,1.645692159,-0.815572985,,,,7.6,1.645692159,-33.19169228,100,101.6456922,89.74214415,56.55045187,,,7.6,-33.19169228,89.74214415
0,7.7,-33.62279356,-37.93030271,1.645692159,-0.817194368,,,,7.7,1.645692159,-33.62279356,100,101.6456922,91.1087655,57.48597194,,,7.7,-33.62279356,91.1087655
0,7.8,-34.05209392,-38.29819074,1.645692159,-0.818787054,,,,7.8,1.645692159,-34.05209392,100,101.6456922,92.68752938,58.63543546,,,7.8,-34.05209392,92.68752938
0,7.9,-34.47959744,-38.66319422,1.645692159,-0.820351851,,,,7.9,1.645692159,-34.47959744,100,101.6456922,94.32064218,59.84104474,,,7.9,-34.47959744,94.32064218
0,8,-34.90530825,-39.02534736,1.645692159,-0.821889533,,,,8,1.645692159,-34.90530825,100,101.6456922,95.72015174,60.81484349,,,8,-34.90530825,95.72015174
0,8.1,-35.32923043,-39.3846839,1.645692159,-0.823400843,,,,8.1,1.645692159,-35.32923043,100,101.6456922,97.12756455,61.79833412,,,8.1,-35.32923043,97.12756455
0,8.2,-35.75136808,-39.74123704,1.645692159,-0.824886492,,,,8.2,1.645692159,-35.75136808,100,101.6456922,98.54291179,62.79154371,,,8.2,-35.75136808,98.54291179
0,8.3,-36.1717253,-40.09503954,1.645692159,-0.826347165,,,,8.3,1.645692159,-36.1717253,100,101.6456922,99.8824771,63.7107518,,,8.3,-36.1717253,99.8824771
0,8.4,-36.59030617,-40.44612366,1.645692159,-0.827783517,,,,8.4,1.645692159,-36.59030617,100,101.6456922,101.1348233,64.54451714,,,8.4,-36.59030617,101.1348233
0,8.5,-37.00711477,-40.79452118,1.645692159,-0.82919618,,,,8.5,1.645692159,-37.00711477,100,101.6456922,102.3938691,65.38675435,,,8.5,-37.00711477,102.3938691
0,8.6,-37.42215519,-41.14026344,1.645692159,-0.830585761,,,,8.6,1.645692159,-37.42215519,100,101.6456922,103.7269054,66.30475017,,,8.6,-37.42215519,103.7269054
0,8.7,-37.75242071,-41.48338131,1.645692159,-0.831952844,,,,8.7,1.645692159,-37.75242071,100,101.6456922,105.1647427,67.412322,,,8.7,-37.75242071,105.1647427
0,8.8,-38.15062895,-41.82390521,1.548886738,-0.833297991,,,,8.8,1.548886738,-38.15062895,100,101.5488867,106.6098305,68.45920151,,,8.8,-38.15062895,106.6098305
0,8.9,-38.57590683,-42.16186514,1.548886738,-0.834621744,,,,8.9,1.548886738,-38.57590683,100,101.5488867,108.0621922,69.48628535,,,8.9,-38.57590683,108.0621922
0,9,-39.0529955,-42.49729066,1.548886738,-0.835924625,,,,9,1.548886738,-39.0529955,100,101.5488867,109.7125684,70.65957294,,,9,-39.0529955,109.7125684
0,9.1,-39.47097707,-42.83021089,1.548886738,-0.837207138,,,,9.1,1.548886738,-39.47097707,100,101.5488867,111.3885793,71.91760219,,,9.1,-39.47097707,111.3885793
0,9.2,-39.87549386,-43.16065454,1.548886738,-0.838469767,,,,9.2,1.548886738,-39.87549386,100,101.5488867,113.0744378,73.1989439,,,9.2,-39.87549386,113.0744378
0,9.3,-40.25396725,-43.48864991,1.548886738,-0.839712983,,,,9.3,1.548886738,-40.25396725,100,101.5488867,114.6443946,74.39042734,,,9.3,-40.25396725,114.6443946
0,9.4,-40.61306002,-43.8142249,1.548886738,-0.840937237,,,,9.4,1.548886738,-40.61306002,100,101.5488867,116.1574137,75.54435372,,,9.4,-40.61306002,116.1574137
0,9.5,-41.0043886,-44.137407,1.548886738,-0.842142966,,,,9.5,1.548886738,-41.0043886,100,101.5488867,117.6787794,76.67439077,,,9.5,-41.0043886,117.6787794
0,9.6,-41.35856668,-44.45822333,1.548886738,-0.843330592,,,,9.6,1.548886738,-41.35856668,100,101.5488867,119.2085237,77.84995699,,,9.6,-41.35856668,119.2085237
0,9.7,-41.76610965,-44.77670059,1.548886738,-0.844500524,,,,9.7,1.548886738,-41.76610965,100,101.5488867,120.7466789,78.9805693,,,9.7,-41.76610965,120.7466789
0,9.8,-42.24890982,-45.09286512,1.548886738,-0.845653156,,,,9.8,1.548886738,-42.24890982,100,101.5488867,122.2932776,80.04436775,,,9.8,-42.24890982,122.2932776
0,9.9,-42.6586256,-45.40674291,1.548886738,-0.846788868,,,,9.9,1.548886738,-42.6586256,100,101.5488867,123.8725267,81.21390107,,,9.9,-42.6586256,123.8725267
