n,median,mean,positives
1,-0.023709561222049223,0.24731319216783285,49.808429118773944
2,0.05231757120290515,0.2775010759609619,50.76628352490421
3,0.5489308352040059,0.76352601122155,54.406130268199234
4,0.40972019178211416,0.40231082111445804,54.406130268199234
5,0.00869722288024685,0.1697897492273942,50.191570881226056
6,0.08876780007785504,0.40155200603466007,51.34099616858238
7,0.33214926563038094,0.5522433413546057,55.3639846743295
8,0.3936183521740325,0.33579704457572657,52.87356321839081
9,0.25592043230101014,0.3096728390962125,52.490421455938694
10,0.2261725137417009,0.32000882568243605,52.490421455938694
11,0.3055430250116101,0.45114229686467544,54.98084291187739
12,0.24582843075964259,0.6082616201621055,54.406130268199234
13,0.17666715055890345,0.040812330034693006,51.34099616858238
14,0.26410745159849064,0.06050252521619275,51.724137931034484
15,0.1369376427407784,0.25218835406822215,52.29885057471264
16,0.3722836963919901,0.3517091832822442,53.25670498084292
17,0.2816384098626209,0.4606179767755074,52.87356321839081
18,0.3730642477780318,0.43889398603932833,53.06513409961686
19,0.15515680297855994,0.42723523208242675,51.724137931034484
20,-0.3915862630413701,-0.2285674941532271,46.74329501915709
21,0.242640876726257,0.35471751370525295,52.490421455938694
22,0.4971209607116369,0.41043923489293765,55.172413793103445
23,0.39027138739566014,0.5182048869177457,54.02298850574713
24,0.3837326669669169,0.3898853636171365,54.02298850574713
25,-0.0015631538939412052,-0.14775198396203704,50.0
26,0.37948066756792576,0.1785302389801123,55.938697318007655
27,0.27000228165723755,0.18518418993779878,54.98084291187739
28,0.08850141815016588,0.042113902198096013,51.14942528735632
29,0.13730256285520787,0.34787305221152287,52.490421455938694
30,-0.09881939608563622,0.038587254491642124,49.042145593869726
31,0.2310417765822071,0.2249440889258234,51.724137931034484
32,0.37471997508391464,0.3410503992929724,54.59770114942529
33,0.15471684262709862,0.08082708307017493,52.10727969348659
34,0.2900481896364825,0.2825984147909406,53.06513409961686
35,0.11488429575402306,0.07902560858743414,52.29885057471264
36,0.4699049151195074,0.7723315890362605,58.429118773946364
37,0.1459471819514463,0.027850503185733375,52.29885057471264
38,0.15761850544368444,0.40748252654699196,52.490421455938694
39,0.41321506023807053,0.3759312918429896,54.406130268199234
40,0.4329202599846993,0.14355413976070805,54.78927203065134
41,0.2008399215575191,0.166544181099826,50.76628352490421
42,0.30405903962598246,-0.20889881442368569,53.44827586206896
43,0.027544261651775228,-0.05326110549838804,50.191570881226056
44,0.08077921884177303,0.2687450652092698,51.53256704980843
45,0.31416937657043126,0.3473835716053517,55.55555555555556
46,0.33462746995213277,0.19210442500257402,54.59770114942529
47,0.26516819098333083,-0.023965876262489888,54.214559386973185
48,0.3736446265270683,0.12730104223998753,53.63984674329502
49,0.2654317839038456,0.1011442992054956,52.29885057471264
50,0.33463656932713715,0.36744937670804323,53.44827586206896
51,0.2851473484441446,0.33918845778813184,53.06513409961686
52,0.20118407056442422,0.2698429907720359,52.29885057471264
53,0.5116496516535295,0.4970788806314155,56.32183908045977
54,0.4997397614932059,0.23077452179913494,55.3639846743295
55,0.3400592676857106,0.11009296349201635,53.63984674329502
56,0.13028580033778234,0.07922665211608873,51.14942528735632
57,0.2678210532540791,0.1412005358432023,52.87356321839081
58,0.37759478354572235,0.3182327711595463,54.214559386973185
59,0.16542199283239492,0.025583647249345993,51.91570881226054
60,0.15218014257499188,0.15122742837562525,52.490421455938694
61,0.17000459424328854,-0.09921763314519755,51.724137931034484
62,0.05589672500530396,0.06780766724418404,51.34099616858238
63,0.10407098030795152,0.0010746958154416127,51.53256704980843
64,0.1940431425110017,0.21979103574161732,53.44827586206896
65,0.3208697965137681,0.2866393766010971,55.172413793103445
66,0.4069094605614795,0.457115967446258,55.172413793103445
67,0.44043147324154364,0.42399286097796696,56.70498084291188
68,0.31748009791335496,0.2247894363270135,54.406130268199234
69,0.3064028605172905,0.27531389206322676,53.44827586206896
70,0.2966059430321718,0.4990078188458811,53.44827586206896
71,0.5902420913259878,0.5994453289691462,57.8544061302682
72,0.35285925633674076,0.29307597265329877,54.78927203065134
73,0.3493860014970832,0.0834397115486854,54.02298850574713
74,0.31149161692690047,0.2289575715797832,54.78927203065134
75,0.24265776406584397,0.2293989991558407,54.406130268199234
76,0.5946185274044374,0.45674621901839324,57.279693486590034
77,0.3334652558398281,0.3326911764281437,53.83141762452107
78,0.21240488549206862,0.19269098864779538,52.10727969348659
79,0.2731448507965829,0.2878842374799348,53.25670498084292
80,0.4665328947141946,0.642221218648665,57.47126436781609
81,0.061603672969498056,0.0818531460785132,50.76628352490421
82,0.1300200709385018,0.08809118644630116,51.91570881226054
83,0.48983802010754995,0.3016309565417836,57.08812260536399
84,0.2880464783093477,0.34677173364755937,53.25670498084292
85,0.20888357966024595,0.4136651881586844,52.87356321839081
86,0.3374126321464778,0.3121809081860743,55.55555555555556
87,0.39688724229314587,0.4658581544695,55.172413793103445
88,0.40086298834972445,0.38732803498084295,55.74712643678161
89,0.05973848590302695,0.08911481172066509,50.57471264367817
90,0.48225215841241964,0.4578945850571152,55.172413793103445
91,0.1269943188285996,0.15767450934584193,50.95785440613027
92,0.38287262850421955,0.42207023512171155,54.78927203065134
93,0.4890193121463089,0.34320942363665063,56.13026819923371
94,0.3816496372785553,0.07296764022226897,56.513409961685824
95,0.23646847961947146,0.3565856162700259,54.02298850574713
96,0.20017759425643525,0.20932795964783804,53.25670498084292
97,0.34489211962415633,0.42782170897887706,53.06513409961686
98,0.07665437828064886,0.08340452331481985,50.95785440613027
99,0.3542446683417516,0.22155167248495333,54.78927203065134
100,0.3675101362109983,0.3048361629421471,53.83141762452107
101,0.4304762347782928,0.3596233807049238,55.938697318007655
102,0.49274633701525405,0.3574849832456684,54.98084291187739
103,0.4486139519771455,0.28040668867530166,55.938697318007655
104,0.5177739648596026,0.2875025525664959,55.938697318007655
105,0.17711692061007567,0.15552387406357468,53.06513409961686
106,0.48606155936520246,0.42769101538732235,55.74712643678161
107,0.3762203803329861,0.2141015644579368,54.59770114942529
108,0.37301642859289924,0.27652046466239444,56.896551724137936
109,0.47638938423395605,0.32891267037566513,54.98084291187739
110,0.24301788395969615,-0.1671733744825197,52.87356321839081
111,0.1649456200347366,0.2327630363439674,51.91570881226054
112,0.3446867837076059,0.4208776875502366,55.74712643678161
113,0.3083983966356184,0.21800690287315866,53.44827586206896
114,0.38355519364984547,0.49776249738901013,55.3639846743295
115,0.4332255162106676,0.22507774873221534,55.3639846743295
116,0.2154187963569889,0.2618100755134498,51.91570881226054
117,0.27288024895292573,-0.011215022709043966,54.02298850574713
118,0.26367742467085825,0.10977315990702609,52.10727969348659
119,0.41462037882255964,0.3586311884811984,55.3639846743295
120,0.517940330334562,0.3430525081497905,55.55555555555556
121,0.16062593690617757,0.23565152830587371,53.25670498084292
122,0.31114867983220895,0.1562150995503898,54.98084291187739
123,0.2501280283925007,0.22144721405400525,52.87356321839081
124,0.20963772500408348,0.16334295276406716,52.490421455938694
125,0.2645514882016916,0.2568834399301729,53.83141762452107
126,0.24366097989058866,0.13613364118821228,53.83141762452107
127,0.581660986464299,0.31911562624173045,58.429118773946364
128,0.25503564875640783,0.35993260768739427,52.490421455938694
129,0.40943400689914233,0.2885264687494661,54.78927203065134
130,0.24460381702250794,0.030974585570805405,52.490421455938694
131,0.3706760124469777,0.29700880769184435,53.44827586206896
132,0.5281162277828784,0.3747867407568647,56.13026819923371
133,0.2730357762282743,0.23376472238992915,55.55555555555556
134,0.34746605702382005,0.4435282153229527,55.938697318007655
135,0.19603124458218107,0.05034716875784623,52.29885057471264
136,0.29614393011889173,0.2655169569773871,54.02298850574713
137,0.3362795721190128,0.2004298729920447,54.214559386973185
138,0.34251335560537455,0.3277082830109984,55.3639846743295
139,0.27367959359095406,0.24691561750553898,54.78927203065134
140,0.5735860950538916,0.5985350662235311,58.04597701149425
141,0.025341136117024522,0.05400508352308943,50.191570881226056
142,0.27447232268049304,0.31620129172174005,53.83141762452107
143,0.26551246350049107,0.22856527462188225,53.63984674329502
144,0.5003497284127482,0.6882531179998629,58.81226053639846
145,0.38557718183953693,0.3479375501041187,55.3639846743295
146,0.48262107120455805,0.49713740487646524,59.00383141762452
147,0.06758493536432596,0.3953493247069225,50.95785440613027
148,0.42898529916015393,0.17576885676147375,55.172413793103445
149,0.31165998878112977,0.3889698278842272,54.214559386973185
150,0.20954444865367783,0.18485238738478327,53.83141762452107
151,0.23948042496880267,0.23573939694232246,53.06513409961686
152,0.4747587072601536,0.33478192609744606,54.98084291187739
153,0.1705243695302257,0.018439019735392994,52.87356321839081
154,0.3080689535591914,0.31595910170876557,54.214559386973185
155,0.3958363994280918,0.3644093440795217,55.55555555555556
156,0.1796285086586351,0.14644709309536136,52.68199233716475
157,0.5016811277531262,0.39581814017727246,57.47126436781609
158,0.3357842059220567,0.3875193740529469,55.55555555555556
159,0.3438406727124298,0.17343553407910892,54.406130268199234
160,0.43822891052374235,0.45585670676837414,57.47126436781609
161,0.18190979168618787,0.047237576196501506,52.87356321839081
162,0.310236986696422,0.1915293481006896,53.83141762452107
163,0.35558241162253434,0.29045812509044094,54.406130268199234
164,0.23973290151837,0.27997889576853496,54.214559386973185
165,0.3637664618717541,0.2847753151731845,54.59770114942529
166,0.13049868349381566,0.043660094533369526,51.53256704980843
167,0.2481711941644798,0.4632307722499426,55.55555555555556
168,0.28920337148938574,0.35303732963264567,54.406130268199234
169,0.14264912431468432,0.22984732209948558,51.53256704980843
170,0.35568511784082646,0.3118821430089633,55.74712643678161
171,0.4011918581487011,0.39167515789425655,57.279693486590034
172,0.39884773142703606,0.42498756407291244,55.74712643678161
173,0.29413744690303106,0.16265342825663526,53.83141762452107
174,0.2461137281706371,0.04600880417243206,53.63984674329502
175,0.38741831618966605,0.43485176402307035,54.59770114942529
176,0.08863431191729737,-0.05218433935306864,51.14942528735632
177,0.404010489480997,0.38325287447924505,58.23754789272031
178,0.43172927884992507,0.2852164899982345,56.13026819923371
179,0.21948857002691496,0.1873046840132143,54.214559386973185
180,0.21912698406699882,0.09345270256570061,53.44827586206896
181,0.1769393287407135,0.0677397279606082,53.06513409961686
182,0.184721705620561,0.0451367469434114,52.87356321839081
183,0.3630024758643152,0.2645812079195201,54.406130268199234
184,0.33054348493076074,0.17879857608426097,53.63984674329502
185,0.19283097851001751,-0.07645081691753017,52.490421455938694
186,0.437661090621206,0.3973190022893057,56.13026819923371
187,0.2671828763129298,0.24433304437739728,54.214559386973185
188,0.2725398760597426,0.27266920717097287,53.06513409961686
189,0.4198613406981305,0.49256944179125944,55.3639846743295
190,0.22276558466021107,0.3196628548965468,53.83141762452107
191,0.4802066181320177,0.56792265671799,56.32183908045977
192,0.34167456147168934,0.04067488604893254,54.59770114942529
193,0.46515735402241776,0.4948044340488618,55.55555555555556
194,0.1467010852057922,0.06138283555856666,51.91570881226054
195,0.17090954490323143,0.28302020621798496,53.06513409961686
196,0.44139600713511573,0.3414937386862747,56.13026819923371
197,0.30603262729061187,0.49323660391183105,55.55555555555556
198,0.3737880526936991,0.27083340917303994,55.172413793103445
199,0.5264693621238326,0.24371793739130743,56.32183908045977
200,0.0,0.11011401110596163,49.808429118773944
201,0.45441953298558624,0.4750622169243374,55.3639846743295
202,0.31460404484949595,0.4813378834763562,55.938697318007655
203,0.40566901642300857,0.3041857505051549,54.59770114942529
204,0.1030016998349235,-0.039458270107594055,51.34099616858238
205,0.4023149142239422,-0.022071239449454324,54.59770114942529
206,0.2712682333248019,0.14350828845792313,54.02298850574713
207,0.5329136844924249,0.2984806174085706,56.13026819923371
208,0.33346140092679555,0.40958511836085165,55.938697318007655
209,0.09495718129021931,0.13506821579071931,52.10727969348659
210,0.48925404348588847,0.499537099158394,57.279693486590034
211,0.2121970297657611,0.1488014838004152,53.25670498084292
212,0.6973049699866886,0.616315359572359,58.23754789272031
213,0.15778831311159824,0.10981538501819264,52.10727969348659
214,0.3494885749304641,0.3024718461674826,54.98084291187739
215,0.3371274370912277,0.4917060589845853,55.74712643678161
216,0.38938221377345344,0.18836520940949228,54.406130268199234
217,0.2927170887256507,0.07130791905529478,52.87356321839081
218,0.2777595779846866,0.09647210844652933,54.59770114942529
219,0.2877162894233598,0.2520206389562697,54.406130268199234
220,0.20133925419204204,0.21166267564315175,53.06513409961686
221,0.2553694052874995,0.08752126421429836,53.83141762452107
222,0.29416742117543593,0.5108824399790468,54.59770114942529
223,0.275305706572448,0.2453841017098063,53.63984674329502
224,0.20681666658121095,0.15729236813714398,53.06513409961686
225,0.4181887252144757,0.4254314456835844,55.3639846743295
226,0.48833659312357924,0.470178130807943,57.47126436781609
227,0.53612343860595,0.20074156591353326,56.13026819923371
228,0.25700708177117604,0.23608931210218467,52.490421455938694
229,0.28893915801779735,0.145379419593936,53.63984674329502
230,0.34715698491516594,0.3729631427462124,53.83141762452107
231,0.4502302301186939,0.2391050933140366,55.55555555555556
232,0.3067598018060145,0.20300560193835546,53.83141762452107
233,0.5809022679268576,0.4353084363349182,56.896551724137936
234,0.33526311295420724,0.4667857896113104,56.32183908045977
235,0.5072576582138597,0.49334923867427133,58.04597701149425
236,0.2349792698338906,0.3663414436544104,53.25670498084292
237,0.3760251362916728,0.23258316483138236,54.214559386973185
238,0.42382184617831237,0.2851907921562874,56.513409961685824
239,0.458069455038135,0.47177675596780044,55.74712643678161
240,0.16643135178274976,0.3328798491762783,52.68199233716475
241,0.2627180818342707,0.10049215327457615,53.06513409961686
242,0.4430967569040266,0.4763727150535397,57.279693486590034
243,0.28637599043002016,0.4094563368872866,54.59770114942529
244,0.15356377371886915,-0.026652159728886432,51.91570881226054
245,0.4381813501263635,0.42380618167295653,55.3639846743295
246,0.4697623570554015,0.2058160999885434,55.74712643678161
247,0.25926304502071973,0.2662596934417808,53.44827586206896
248,0.38094950746962075,-0.09397877664762393,53.25670498084292
249,0.21911009246264895,0.08890804674338958,53.25670498084292
250,0.46336747378901266,0.4931669425384287,55.74712643678161
251,0.016864480880397235,-0.0032552922434580973,50.38314176245211
252,0.49268449843302553,0.49731682697231755,56.13026819923371
253,0.16511565264700628,0.2980078369675313,52.68199233716475
254,0.18150174013952536,0.09993233102537047,53.06513409961686
255,0.4026778156049324,0.44180794548716495,55.74712643678161
256,0.09196004034527419,0.1616782231857614,51.14942528735632
257,0.6599654550092405,0.49989042208185364,59.00383141762452
258,0.17153383590511206,0.1698740055150037,52.87356321839081
259,0.4291233845336287,0.34319477851666613,56.513409961685824
260,0.19101055981636705,0.23595236192778457,52.87356321839081
261,0.24034844414678327,0.19906365291600714,52.29885057471264
262,0.6060615775999161,0.40318269413556485,57.08812260536399
263,0.4793521699586423,0.5287099606344187,54.59770114942529
264,0.15554761334867767,0.082556185480845,53.06513409961686
265,0.03396927762206571,0.1524188379820911,50.57471264367817
266,0.18378734431739635,0.11720846303698902,52.10727969348659
267,0.3204860018001604,0.18130473217410364,53.83141762452107
268,0.4760638787958493,0.47685922482195076,56.70498084291188
269,0.23558664385470712,0.2692045770622417,52.68199233716475
270,0.5201948653616837,0.33628474757554533,57.08812260536399
271,0.5556331960302408,0.2559672057967633,56.70498084291188
272,0.2833879372641306,0.16960542214814361,54.214559386973185
273,0.22273724894248184,0.2986840385649627,53.63984674329502
274,0.38235091392174997,0.5072250074234609,55.938697318007655
275,0.4583062019844818,0.5296370960438279,57.279693486590034
276,0.011071417055608353,0.18899627135913502,50.0
277,0.4819494351378927,0.4134492266652736,55.55555555555556
278,0.3847416338638696,0.360345771371311,55.938697318007655
279,0.5570619228579717,0.47703974083191986,55.938697318007655
280,0.3183111600002717,0.3559057446693593,53.83141762452107
281,0.25222461609680225,0.6072944390694882,52.68199233716475
282,0.3536289136736138,0.4389936584660906,56.13026819923371
283,0.1608986111237306,0.09043564316725516,52.10727969348659
284,0.5792820854816332,0.6420197194261256,58.81226053639846
285,0.2593025880039264,0.3498142572749825,54.02298850574713
286,0.48719427391504466,0.4605708435079437,57.662835249042146
287,0.286832724930705,0.26344951529109356,53.83141762452107
288,0.40088393609602535,0.1997722791936808,55.74712643678161
289,0.34164594033182133,0.3182063682365381,54.02298850574713
290,0.36205949080217625,0.1856449820998202,54.98084291187739
291,0.3474259299914515,0.12267507477406749,54.406130268199234
292,0.17754372897296922,0.3137397732709805,52.10727969348659
293,0.55024989789233,0.5219297696463253,56.896551724137936
294,0.03171268965157602,-0.031643972036710696,50.38314176245211
295,0.3770787041745809,0.03998590363485761,54.214559386973185
296,0.5686477262266951,0.4520248432249404,56.513409961685824
297,0.4445726216437871,0.3271927235661134,55.172413793103445
298,0.13341595986570892,0.4353188582866529,52.490421455938694
299,0.43844820803110196,0.4784387197449733,54.98084291187739
300,0.273809759115256,0.2441129520563901,54.214559386973185
301,0.48309294956604487,0.3258528527340513,56.70498084291188
302,0.4538186055291868,0.3263482471699925,54.59770114942529
303,0.19780765681422924,0.09462018052164178,52.490421455938694
304,0.2694658389703837,0.18979148466175272,53.06513409961686
305,0.10766382826081816,0.17342549549716438,52.10727969348659
306,0.6062190992863672,0.6057142832935077,59.195402298850574
307,0.579182687843895,0.7294020553383971,58.23754789272031
308,0.3798535325410807,0.33881393068096743,54.214559386973185
309,0.530089876908977,0.4583928625867389,57.47126436781609
310,0.3759096058881712,0.27148980897326924,54.02298850574713
311,0.32476526725251126,0.32672233586296007,52.87356321839081
312,0.6054050191572846,0.627828032786359,57.08812260536399
313,0.46712461884852496,0.38959914514884125,55.938697318007655
314,0.41477125065869935,0.46844258856600235,55.74712643678161
315,0.4958263476337763,0.26835613300408107,55.3639846743295
316,0.16506427387094505,0.19754029443746898,52.10727969348659
317,0.22574162758625593,0.1278718175614542,53.25670498084292
318,0.3494954165917995,0.4721479464600027,54.406130268199234
319,0.47412302111314353,0.416186583616307,54.78927203065134
320,0.5189525407895171,0.5618591043318205,56.70498084291188
321,0.30475988413401145,0.25805028222746573,54.02298850574713
322,0.3680603666380907,0.4455883288032595,55.172413793103445
323,0.6269279834610816,0.5165123118698005,59.578544061302686
324,0.3542326085761025,0.19512629236611492,54.406130268199234
325,0.4617223283891122,0.47264072317284,56.70498084291188
326,0.33616696242275823,0.20706922199824407,54.59770114942529
327,0.3229297986363545,0.503567643287871,54.406130268199234
328,0.25085314542882964,0.16965015344957962,51.34099616858238
329,0.27464517255269977,0.4298459916596646,53.83141762452107
330,0.49276559765883055,0.33103192206880655,57.279693486590034
331,0.5514645769147744,0.4079499629970871,55.74712643678161
332,0.4392148367969913,0.6342009764623795,55.74712643678161
333,0.282734554216791,0.4259520274536218,54.98084291187739
334,0.25477226326901525,0.1427470051394937,53.06513409961686
335,0.14633426316471682,0.12273829165642919,52.29885057471264
336,0.5750144214363959,0.5767691428233803,56.13026819923371
337,0.17688173783733063,0.14614097515629756,53.25670498084292
338,0.41903758973352906,0.5904204560053707,55.55555555555556
339,0.3905907733562921,0.4352702916948163,55.172413793103445
340,0.3264184096503219,0.21059998132825736,53.44827586206896
341,0.39604414782133857,0.358495766425332,55.08637236084453
342,0.35435986559581173,0.3557515284851028,54.31861804222648
343,0.5027971143506431,0.40157946513704995,54.35203094777563
344,0.4718435188141477,0.3217520019876809,53.9651837524178
345,0.15560265569468273,0.14378674230629948,52.71317829457365
346,0.20758969839745262,0.17409970432464314,52.44618395303326
347,0.2356089613449585,0.0014357080122132915,51.67652859960552
348,0.24345900769254872,0.2076476310637905,52.46548323471401
349,0.28901639426229264,0.2056326688947276,53.26732673267327
350,0.38470765560934495,0.1585685893874002,55.35714285714286
351,0.40160506658613593,0.48709580054486823,56.16161616161616
352,0.1518074227567911,0.1922289214951599,52.85714285714286
353,0.7505499538885312,0.5196918306653168,57.46887966804979
354,0.3675418398392206,0.5934287013870134,55.3941908713693
355,0.28644246990770283,0.18801275613854243,53.11203319502075
356,0.402342813290682,0.4371741718486082,55.208333333333336
357,0.2854769325490686,0.39134550641551236,53.125
358,0.4456723791648699,0.4656204001700252,56.25
359,0.404672585572714,0.2775620169826065,55.13626834381551
360,0.4604205361673207,0.2556454074956588,55.81395348837209
361,0.495226123437216,0.30877597719892697,53.747323340471084
362,0.28582355511060037,0.2658178366365601,54.229934924078094
363,0.22014451840149182,0.1305618657145344,52.27765726681128
364,0.5176003078441634,0.4914446293443707,57.26681127982647
365,0.43703239267365984,0.26840432915572365,53.79609544468546
366,0.23337225476011603,0.3862047829775134,52.41228070175439
367,0.5111962472467771,0.5288164883367775,55.04385964912281
368,0.634847821446247,0.5980416851341368,57.9295154185022
369,0.4908342737645819,0.876456735486221,56.666666666666664
370,0.08520752407364875,0.03769651746792463,50.91324200913242
371,0.09731102781742962,0.42609205521058235,51.16822429906542
372,0.18565894265151908,0.22700659339499493,52.23529411764706
373,0.3077456454181736,0.3712764162189132,55.04807692307693
374,0.27322268370965624,1.6190600544678502,51.57384987893463
375,0.4308756886294183,0.27183004624647955,54.207920792079214
376,0.39978785943459705,0.47457534034253657,53.75
377,0.8401041573195307,0.6206881273444177,58.79396984924623
378,0.6002229492152852,0.30403582178602806,54.314720812182735
379,-0.036785023826344965,0.23811828367841698,49.49238578680203
380,0.08458486368506436,0.19460588702263815,50.89058524173028
381,0.11358406263118569,0.2727470693280125,52.17391304347826
382,0.5580754787476623,0.777900074697941,56.84210526315789
383,0.4369427930562554,0.7089665566354594,53.70370370370371
384,0.2982856881512517,0.2556674599271916,54.37665782493368
385,0.5866695759592728,0.7288040656742245,57.294429708222815
386,0.4588519064331398,0.425052074761924,55.053191489361694
387,0.22319015077202506,0.3145806795576096,51.23287671232877
388,0.5116732126389005,0.4179049743950188,53.97260273972603
389,0.02754366855930875,0.25389076949870043,50.54945054945055
390,0.5337590863935924,0.5634634628534232,56.61971830985916
391,0.31930472771650426,0.5679558553982663,53.80281690140845
392,0.280443840173227,0.42241286765364255,53.29512893982808
393,0.2897861406946081,0.6548429670481812,53.16091954022989
394,0.38342584556025583,0.45412914931467263,53.89048991354467
395,0.41215402820762537,0.22958448471298848,54.20289855072464
396,0.5825165395985794,0.2799168748977438,58.529411764705884
397,0.18909706383005775,0.22548116113215994,51.183431952662716
398,0.3137372707309376,0.48758957608483544,52.95857988165681
399,0.4855222689696569,0.453690878339589,53.84615384615385
400,0.5056571165798706,0.838837183088908,55.78635014836796
401,0.158613324058204,0.3544784952130518,50.89285714285714
402,0.6644225343486029,0.33863849253301626,55.654761904761905
403,0.46133711783763215,0.33662933402870077,55.654761904761905
404,0.5606343072736277,0.7900989370741653,54.82866043613706
405,0.3485763518449725,0.3877715084499404,51.71339563862928
406,0.577394871656236,0.47386404867516724,53.89408099688473
407,0.419083063457745,0.14718971744670356,54.20560747663551
408,-0.16811345832704472,0.36363152288759065,48.25396825396825
409,0.18683251862098438,0.6485042183133669,54.285714285714285
410,0.062125692626470316,0.24383246564519176,50.955414012738856
411,0.057036802552721824,0.458167177980184,50.967741935483865
412,0.6242403306977868,0.36932471951785484,56.451612903225815
413,0.34640808788773947,0.3588588911268161,52.721088435374156
414,0.37176468653059447,0.38477021834499575,55.55555555555556
415,0.06540421439086472,0.17472982779420645,50.70422535211267
416,0.5888287863965307,0.49155775280253344,58.78136200716846
417,0.15722715497940123,0.0795424411230925,51.449275362318836
418,0.8764074648427888,0.7124360143126637,57.19557195571956
419,0.19587003320946664,0.28032625448849674,53.50553505535055
420,0.46167126333568514,0.21712244448523446,55.51330798479087
421,0.3893185424708618,0.48617773087860705,55.33596837944664
422,0.11478379219959331,-0.008406598479972419,50.403225806451616
423,0.2726383745443655,0.07466831486157698,53.06122448979592
424,0.34285279619314785,0.403625420469782,53.06122448979592
425,0.6070002668322564,0.764509123627005,59.48275862068966
426,0.5778934558147747,0.599480513288718,56.76855895196506
427,0.3082606111760312,0.26597705732697835,55.26315789473685
428,0.037849106865472146,-0.05309577409069361,50.43859649122807
429,0.14879781527760877,0.6323141473679803,51.569506726457405
430,0.8652090655923981,0.8618153645975183,59.907834101382484
431,0.13601841361442332,0.28106276800161445,50.46296296296296
432,0.5267192176311339,0.08688413996835481,54.02843601895735
433,0.5513577067646822,0.33257061033474006,56.52173913043478
434,0.3654914908271591,0.33459160072452626,52.65700483091788
435,0.20689425790449043,0.16728410705414645,52.6829268292683
436,1.0806098653657632,0.871013305012906,58.82352941176471
437,0.4401553051753781,0.25432459766566934,55.95854922279793
438,0.7390293313223212,0.4106187286335289,56.994818652849744
439,0.10877696420775217,0.17300118737760786,51.85185185185185
440,0.13160597481663205,0.5670595379712506,53.2258064516129
441,0.20172535789312307,0.2907629066949053,52.43243243243243
442,0.5691022750585609,0.5045545465683747,56.98324022346368
443,0.5547380358463482,0.3452106495848214,55.367231638418076
444,0.7313767612701967,0.6283452749787096,56.287425149700596
445,0.7446364452075601,0.3640558846488447,56.287425149700596
446,0.4754749540412885,0.17393754962676466,55.08982035928144
447,0.9712956763997783,0.5798088803673712,60.0
448,0.14917484831217012,-0.028603138814991273,51.26582278481012
449,0.09068265722692333,0.15001826426112735,50.326797385620914
450,0.09753276034740214,0.9630999455687902,51.65562913907284
451,0.16841695525053269,-0.33236615478166187,51.388888888888886
452,0.8359092995846449,0.6837417007997215,59.44055944055944
453,0.6674977228534312,0.5125801568707369,56.73758865248227
454,0.21195711024292618,0.3049245397008732,53.90070921985816
455,0.49199237577543087,0.6959421006981219,53.956834532374096
456,-0.14281790467456468,0.25750845252356663,49.64028776978417
457,0.29417189281079226,0.11629608418614648,56.83453237410072
458,0.6736477691683005,0.6765121236871439,55.14705882352941
459,0.32921697761942764,0.16884206413934139,50.73529411764706
460,0.08406737409840677,0.7142506787224813,51.470588235294116
461,0.3516923476478916,0.39591789613076217,52.20588235294118
462,0.7380035621462078,0.5169745952002934,58.119658119658126
463,1.0597515976179388,0.7997238257883884,60.0
464,-0.19806812273289887,-0.45146938257985275,44.34782608695652
465,0.3832505895296418,1.8973268919934108,56.14035087719298
466,0.437821141399672,0.6329164155281933,53.57142857142857
467,0.11345486871472762,0.5204364974531139,52.67857142857143
468,0.45491707890052085,0.470651166571943,56.074766355140184
469,0.4478249942865907,-0.10210046373393536,52.475247524752476
470,-0.5625335792819385,-0.047927519245563516,45.54455445544555
471,0.8660517165066371,1.3629929353293966,56.43564356435643
472,1.0112586336224643,1.0000659218038275,55.55555555555556
473,-0.3005564555854475,1.2138087152257513,44.31818181818182
474,-0.5420275315977454,-0.39175876215217814,46.590909090909086
475,0.5384195183968947,0.28446988804608425,57.692307692307686
476,0.46793762233035846,1.3583500617049014,57.333333333333336
477,-1.0093012423078762,-0.6525832114801676,44.0
478,1.1573153090913386,0.864099775802822,57.333333333333336
479,0.11114915725438954,0.10728660555762817,50.0
480,-0.13430051942347584,-0.23319390496660475,47.368421052631575
481,0.3206275533610907,0.8477738502294349,52.63157894736842
482,0.5460726687136817,1.4487784591964634,56.14035087719298
483,1.5932255304720861,0.9520770942353934,61.40350877192983
484,-0.020400959771962046,-0.0727281808204189,50.0
485,0.4098600047264283,-0.27895460047293535,52.17391304347826
486,-0.2703635768191544,0.9917358832082435,46.666666666666664
487,-0.6844835258760413,-1.083176998556864,45.45454545454545
488,-0.07744979706421216,1.0188651187715216,50.0
489,1.5481158779256015,2.7616497258489083,71.7948717948718
490,0.17933046497423133,0.9796897315713805,50.0
491,0.11577866788576596,0.5742509837612606,58.333333333333336
492,1.1835587505028875,1.7527010311406324,66.66666666666666
493,-0.8801220533300692,0.637212956113253,45.16129032258064
494,0.8898452605921903,1.7351414067560622,58.333333333333336
495,1.2080557703634114,2.160344289405876,60.86956521739131
496,-0.44340391747794106,0.27063890481943376,47.82608695652174
497,2.124357658440202,0.9841809347912209,60.86956521739131
498,2.8112458034433696,1.8171643213438458,68.42105263157895
499,,,
